用例 ID,模块,测试项,优先级,前置条件,操作步骤,预期结果,执行状态,实际结果,执行人,执行时间,验收环境,创作台版本,API 契约版本,项目 ID,壁纸 ID,任务或批次 ID,截图或脱敏日志,缺陷编号,复测结果,备注
ENV-001,2 启动和后台连接,本地一键启动,P0,E0，本地服务已停止，无活动任务,1 双击根目录“启动创作台.command”；2 等待页面；3 查看版本和健康检查,启动已有本地服务，打开 0.13.0 页面；不重新构建、不重置管理员和数据,通过,确认无生成/发布活动后停下创作服务和LOCAL_DEV API，再执行根启动入口--no-open：自动恢复已有API与创作服务，health UP、0.13.0检查通过，项目142/媒体144/壁纸3/任务65/管理员1数量完全一致；未构建、未重置数据。,Codex,2026-10-07T16:40:00+08:00,LOCAL_DEV / LOCAL,0.13.0,2.22.0,,,,launcher-recovery.log; launcher-recovery-facts.json,,,调用同一.command入口；因原生桌面操作不可用，未双击图标，--no-open避免额外浏览器窗口。
ENV-002,2 启动和后台连接,重复启动,P1,E1，服务正在运行,1 再次双击启动入口；2 查看已有项目和运行进程,复用当前服务，不占用重复端口，不重建数据库,通过,使用根目录启动入口 --no-open 连续执行两次；都复用 PID 7040 和同一 codeHash，健康检查通过，项目保留。,Codex,2026-10-07T11:08:01+08:00,LOCAL_DEV / LOCAL,0.13.0,2.22.0,,,,,,,通过实际 CLI 入口执行，未模拟桌面双击。
ENV-003,2 启动和后台连接,错误环境阻止启动,P0,R1，临时配置副本指向其他环境,1 在隔离配置副本修改环境或端口；2 运行启动检查,明确停止，不连接测试或生产数据；恢复原配置后可正常检查,通过,隔离临时配置验证：正确 LOCAL_DEV 身份通过；错误端口、环境、阶段、镜像以及缺少构建身份均被阻止，恢复后通过；实际配置未改动。,Codex,2026-10-07T11:08:01+08:00,LOCAL_DEV / LOCAL,0.13.0,2.22.0,,,,,,,
ENV-004,2 启动和后台连接,活动任务阻止重启,P0,E1，有运行中的生成或发布操作,1 使用启动入口的重启选项；2 查看任务,提示等待任务完成，不终止正在执行的任务,通过,原保护只覆盖本地编码，已补充记录PREPARING/QUEUED/RUNNING/CANCEL_REQUESTED阶段。真实30秒生成在准备画面期间运行 --restart，被明确阻止，后续生成进度继续至完成，预览duration30、readyState4。,Codex,2026-10-07T11:23:06+08:00,LOCAL_DEV / LOCAL,0.13.0,2.22.0,,,,.runtime/creator-acceptance/20261007/restart-protected-generation.png,画面准备阶段重启保护已补齐,,
ENV-005,2 启动和后台连接,管理账号登录,P0,E0，拥有有效本地后台账号,1 点击连接本地后台；2 输入账号密码；3 打开项目列表,登录成功，可读写创作数据；密码不保留在表单中,通过,用户使用本地管理账号完成连接并同步；浏览器已连接，测试新项目与4个文件写入后台，刷新能恢复；登录表单已关闭且密码清空。,Codex,2026-10-07T09:04:50+08:00,LOCAL_DEV / LOCAL,0.13.0,2.22.0,,,,,,,
ENV-006,2 启动和后台连接,错误密码,P0,E0,1 使用正确账号和错误密码连接；2 重新输入正确密码,错误时显示失败且不进入已连接状态；正确密码可重新连接,通过,正确用户名配合错误测试密码显示用户名或密码错误，未进入连接状态；改用授权的正确账号成功同步，同一项目保留，表单关闭。,Codex,2026-10-07T11:13:01+08:00,LOCAL_DEV / LOCAL,0.13.0,2.22.0,,,,,,,
ENV-007,2 启动和后台连接,复用创作登录,P1,E1，尚未连接发布助手,1 进入内容发布；2 打开账号管理和连接设置,使用已有创作后台会话建立发布连接，不重复要求密码,通过,作品下一步进入发布时自动复用创作后台会话，发布助手在线，账号管理可读取；日志publish-session 200，无需再次输入密码。,Codex,2026-10-07T09:12:49+08:00,LOCAL_DEV / LOCAL,0.13.0,2.22.0,,,,,,,
ENV-008,2 启动和后台连接,发布断开不影响创作,P1,E1，发布连接成功,1 断开发布助手；2 刷新发布区域；3 编辑并保存项目,发布连接保持断开，不立刻自动重连；创作后台连接和保存仍有效,通过,发现原版本断开发布助手后刷新会自动连回；已修复明确断开偏好的持久保存及自动连接竞态。复测等待“尚未连接后台”后刷新仍断开；创作后台仍连接，修改B名称、保存、刷新恢复成功，最后还原B名称。,Codex,2026-10-07T11:01:27+08:00,LOCAL_DEV / LOCAL,0.13.0,2.22.0,,,,.runtime/creator-acceptance/20261007/publishing-disconnect-persisted.png,刷新自动重连已修复,,
ENV-009,2 启动和后台连接,登录过期与重新连接,P0,E1，R1，使管理会话过期,1 保存修改；2 查询账号；3 重新登录并重试保存,提示登录失效，不伪报后台保存成功；编辑内容可保留并恢复,通过,只将本次测试桥接器对应的Redis管理会话TTL缩至1秒，到期后的真实请求返回401，创作台显示连接本地后台/浏览器草稿未同步，不假报后台保存；继续输入的名称尾缀2和5秒150帧剪辑保留。用授权测试账号重新登录后恢复副本979ee65d已同步；实际打开副本核对名称、5个素材及各平台剪辑一致，原商品关联项目保留。,Codex,2026-10-07T23:43:04+08:00,LOCAL_DEV / LOCAL,0.13.0,2.22.0,,,,session-ttl-expired-preserved.png; session-ttl-recovered-project.png; session-ttl-restored-facts.json,,,实际Redis到期分支；未修改全局TTL或其他账号会话。恢复副本和原项目均可打开。
PRJ-001,3 项目和自动保存,创建项目,P0,E1,1 新建并命名项目；2 查看项目列表；3 刷新打开,新项目具有独立身份，名称和内容可恢复，不覆盖原项目,通过,新建验收 20261007 主流程 A；项目列表同时保留城市飞行示例；刷新恢复新项目，4个素材可用。,Codex,2026-10-07T09:04:50+08:00,LOCAL_DEV / LOCAL,0.13.0,2.22.0,,,,,,,
PRJ-002,3 项目和自动保存,空名称校验,P1,E1,1 新建项目输入空白名称；2 确认,阻止创建并定位输入，不产生空项目,通过,浏览器新建项目输入三个空格，提交被阻止，输入框 validationMessage 为“请输入项目名称”；随后合法名称创建成功。,Codex,2026-10-07T09:04:02+08:00,LOCAL_DEV / LOCAL,0.13.0,2.22.0,,,,,,,
PRJ-003,3 项目和自动保存,项目间隔离,P0,E1，两个项目,1 在项目 A 修改三个工作区；2 切到 B；3 返回 A,A 的素材、剪辑、模板和文案保留，B 不被修改,通过,项目B分别改动壁纸安卓剪辑为10秒、创作视频为25fps、推文标题为验收副本B图文；往返切换A/B后，A保持5秒/24fps/原推文标题。B刷新与回收恢复后保持10秒/25fps/独立标题，三个工作区均互不覆盖。,Codex,2026-10-07T10:05:30+08:00,LOCAL_DEV / LOCAL,0.13.0,2.22.0,,,,A/B浏览器切换与刷新/恢复复测,,,仅使用本次自建验收项目。
PRJ-004,3 项目和自动保存,三平台壁纸隔离,P0,E1，T1,1 分别编辑 Android、鸿蒙和 iOS 剪辑与构图；2 往返切换,各平台时序和构图独立，切换不覆盖其他平台设置,通过,三平台分别保存：Android 5s/2倍速/200%构图，Harmony 2s/1倍速/101%，iOS 4s/1倍速/150%；往返切换正确，iOS目标300帧未篡改120帧实际成片。,Codex,2026-10-07T09:09:00+08:00,LOCAL_DEV / LOCAL,0.13.0,2.22.0,,,,,,,
PRJ-005,3 项目和自动保存,刷新恢复,P0,E1，T1,1 导入素材并完成编辑；2 等待后台保存；3 刷新页面,文件可读，项目、时间轴、画框、文案和输出参数恢复,通过,修复后正常刷新并打开验收项目：5个壁纸源、2幅1080方形画框及中文英文文案、3轨视频时间轴、720×1280画布/360×640输出/24fps/3秒和视频圆角40透明度80滤色恢复。DOM图片naturalWidth均有效，作品库两项仍可读。,Codex,2026-10-07T09:44:10+08:00,LOCAL_DEV / LOCAL,0.13.0,2.22.0,,,,浏览器刷新复测；CreatorWorkspaceIntegrationIT真实MySQL小排序缓冲与大JSON快照；提交48506fd,QA-20261007-002,,原始失败保留于事件日志；后续新输入文案是否被模板切换覆盖需另行验证，不计入本次恢复通过。
PRJ-006,3 项目和自动保存,未连接时的编辑保留,P1,E0,1 继续编辑浏览器内容；2 刷新；3 尝试保存成品或上架,编辑内容可在原浏览器恢复；需要后台的操作明确要求连接，不显示后台成功,通过,实际停止本地 API 后，新建独立项目并导入 JPEG 与 MP4；调整静态裁剪、加入 2 秒安卓片段；刷新后项目名、2 个素材和片段仍保留。创建壁纸明确提示先连接后台，未伪造成功。,Codex,2026-10-07T15:42:19+08:00,LOCAL_DEV / LOCAL,0.13.0,2.22.0,,,,.runtime/creator-acceptance/20261007/offline-project-retained.png,,,
PRJ-007,3 项目和自动保存,首次连接同步,P0,E0，有未同步编辑内容,1 连接后台并同步；2 重新打开项目；3 从后台重新读取,项目和文件完整同步，素材引用正常，无重复覆盖,通过,实际恢复 API 后使用测试管理账号连接并同步，重新刷新从后台载入同一项目 aa421e2d-3079-44db-855a-054ce2339449；2 个文件 SHA256 与存储一致，静态 x=5 和安卓 0–2 秒片段保留，仅有一个同名项目。,Codex,2026-10-07T15:43:43+08:00,LOCAL_DEV / LOCAL,0.13.0,2.22.0,,,,.runtime/creator-acceptance/20261007/offline-first-sync.png；offline-first-sync-facts.json,,,
PRJ-008,3 项目和自动保存,同步冲突保留副本,P0,E1，后台记录与本地待同步记录同 ID 且不同内容,1 重新连接并同步；2 查看恢复副本；3 核对原记录,原后台记录保留；冲突内容成为可编辑副本，不继承原待发布批次和壁纸商品关联,通过,实际重新连接过程中，本地待同步A与后台A冲突，生成独立恢复草稿9a7c1fda-4753-49f8-bf59-257e69136ab5；原A仍关联壁纸1。恢复副本productRecord/submissionPending均清空，媒体可继续编辑，原后台商品配置保持。,Codex,2026-10-07T15:03:22+08:00,LOCAL_DEV / LOCAL,0.13.0,2.22.0,,,,.runtime/creator-acceptance/20261007/conflict-recovery-facts.json,,,实际浏览器同步+数据库核对。
PRJ-009,3 项目和自动保存,连续修改保存顺序,P0,E1,1 连续快速修改标题、剪辑和尺寸；2 等待保存；3 重新读取,最后一次合法修改保存成功，较早请求不覆盖新内容,通过,真实UI连续修改名称1→名称2、尺寸1440×2560→1080×1920、速度1.5→2倍，等待保存后刷新重新读取。后台与页面均为名称2/1080×1920/2倍，较早修改未覆盖；随后恢复验收项目原名。,Codex,2026-10-07T14:24:51+08:00,LOCAL_DEV / LOCAL,0.13.0,2.22.0,,,,project-save-order-facts.json,,,仅在隔离副本B执行。
PRJ-010,3 项目和自动保存,保存失败后重试,P0,E1，R1,1 修改项目时中断 API 请求；2 点击保存状态重试；3 恢复读取,显示未保存或重试提示；重试不丢修改，成功后状态准确,通过,无活动生成任务时停止本地API，修改作品名称后显示未保存·重试，输入保留；启动原API健康恢复UP后点击重试，状态已保存到本地后台；MySQL完整草稿包含修改，随后恢复测试作品名称。,Codex,2026-10-07T15:20:50+08:00,LOCAL_DEV / LOCAL,0.13.0,2.22.0,,,,.runtime/creator-acceptance/20261007/offline-save-failed.png; offline-save-restored.png; offline-save-recovery-facts.json,,,
PRJ-011,3 项目和自动保存,历史撤销与重做,P1,E1，已有 3 次修改,1 撤销两次；2 重做一次；3 在旧状态继续编辑,撤销重做恢复对应内容；新编辑替换旧重做分支，不影响其他项目,通过,连续修改不透明度 100→91→82→73；撤销两次回到 91，重做回到 82；新改为 64 后重做仍为 64，旧 73 分支被替换；项目历史独立性单元测试通过。,Codex,2026-10-07T12:37:08+08:00,LOCAL_DEV / LOCAL,0.13.0,2.22.0,,,,history-replaced-branch.png; project-history.test.cjs 6/6,,,
PRJ-012,3 项目和自动保存,历史容量与非编辑动作,P1,E1,1 连续编辑超过 15 次；2 选择、定位、切页；3 查看历史,保留最近 15 个动作及还原起点；仅选择、播放定位和预览切换不占编辑历史,通过,连续实际编辑 20 次后保留 16 条历史（15 动作+还原起点）；选择 M01、定位 2 秒、切换壁纸加工再返回，历史列表逐字一致。,Codex,2026-10-07T12:37:08+08:00,LOCAL_DEV / LOCAL,0.13.0,2.22.0,,,,history-capacity-non-edit.png; project-history.test.cjs 6/6,,,
PRJ-013,3 项目和自动保存,项目改名,P1,E1，当前项目及另一个项目,1 分别从项目列表修改名称；2 测空白名称；3 刷新和搜索,合法名称持久保存，空白拒绝；改名不改变项目身份、文件或既有任务快照,通过,从项目列表将新建验收副本改名为“验收 20261007 隔离副本 B”；空白名称未提交并定位输入。合法名称在列表搜索、项目切换、浏览器刷新后保留，素材与三个平台剪辑仍可读。原项目A与任务3保持原身份。,Codex,2026-10-07T10:01:30+08:00,LOCAL_DEV / LOCAL,0.13.0,2.22.0,,,,项目列表改名及搜索/刷新复测,,,仅操作本次自建副本；无用户原项目改名。
PRJ-014,3 项目和自动保存,项目复制,P0,E1，项目含作品、素材及壁纸关联,1 复制项目；2 修改副本；3 查看创建壁纸和待发布内容,副本可编辑且不影响原项目；不继承原商品关联和待提交请求；同名副本可区分,通过,实际从已上架壁纸3关联项目的更多菜单复制，列表以·副本区分；打开副本修改名称，后台原项目名称及壁纸3关联保持，副本媒体2项完整且productRecord/submissionPending均null。,Codex,2026-10-07T15:35:21+08:00,LOCAL_DEV / LOCAL,0.13.0,2.22.0,,,,.runtime/creator-acceptance/20261007/project-copy-independent.json,,,
PRJ-015,3 项目和自动保存,项目删除恢复,P0,E1，两个测试项目,1 当前项目移入回收站；2 刷新；3 恢复并打开,编辑记录和素材保留，回收站项目不能继续写入；恢复后可用，不清除其他项目,通过,当前验收副本B移入回收站后自动切换到A，回收站只提供恢复入口；浏览器刷新后仍显示1条回收记录。恢复并打开后，五个壁纸素材可读，安卓10秒、视频25fps与独立推文标题保留。A和原示例项目未删除。,Codex,2026-10-07T10:05:30+08:00,LOCAL_DEV / LOCAL,0.13.0,2.22.0,,,,回收站刷新及恢复后DOM图片complete/naturalWidth检查,,,未永久删除数据。
PRJ-016,3 项目和自动保存,项目搜索和窗口,P1,E1，多个项目,1 按名称搜索与清空；2 查看回收站；3 展开和还原项目窗口,搜索准确，有空结果提示；窗口变化不修改数据，菜单与关闭入口可用,通过,按“主流程 A”搜索只返回主项目与恢复项目；不存在名称显示“没有匹配的项目”；展开后可还原窗口，关闭/返回入口可用。结合此前删除副本B、刷新回收站、恢复副本B实测，项目搜索与窗口整例通过。,Codex,2026-10-07T10:10:01+08:00,LOCAL_DEV / LOCAL,0.13.0,2.22.0,,,,,,,仅操作自建验收项目；未永久删除。
WST-001,4 壁纸素材和静态加工,图片视频混合导入,P0,E1，T1,1 选择或拖入 M01 至 M04；2 切换素材类型筛选,素材类型、尺寸和时长正确；筛选不删除数据,通过,浏览器多选导入两张图片和两段视频；显示1080×1920、2048×2048、10.00s 1920×1080、2.00s 720×1280；图片/视频筛选正确，切回全部仍有4项。,Codex,2026-10-07T09:04:02+08:00,LOCAL_DEV / LOCAL,0.13.0,2.22.0,,,,,,,
WST-002,4 壁纸素材和静态加工,无效素材导入,P1,E1，M07,1 逐个导入损坏与空文件；2 检查已有素材,显示可理解的失败原因，不出现可用的假素材，已有素材不受影响,通过,逐个导入损坏PNG、空MP4、损坏ZIP和缺配置ZIP，分别提示无法读取/文件格式或编码、不是完整ZIP、未找到工程配置；无可用假素材。导入后原有5个素材及2层4D预览仍保留。,Codex,2026-10-07T10:16:30+08:00,LOCAL_DEV / LOCAL,0.13.0,2.22.0,,,,,,,首次误传不存在的fixture路径是测试操作错误，已纠正；不计产品缺陷。
WST-003,4 壁纸素材和静态加工,原始文件本地导出,P0,E1，T1,1 在图片、视频和 4D 素材卡右键导出到本地；2 打开文件,文件能使用，原始格式与内容正确；不把预览截图当作原素材,通过,Chrome 右键将原始 JPEG、PNG 与 MP4 下载到 Downloads；JPEG/MP4 已校验后台 SHA-256 一致，透明 PNG 已实际落盘。输出保留原文件格式，无样机边框。,Codex,2026-10-07T14:44:27+08:00,LOCAL_DEV / LOCAL,0.13.0,2.22.0,,,,chrome-download-facts.json；/Users/kele/Downloads/M02-transparent.png,,,
WST-004,4 壁纸素材和静态加工,普通屏构图,P1,E1，M01,1 选择机型；2 缩放并平移；3 下载当前 PNG,主体和四角位置符合预览；输出为实际像素，不含样机边框,通过,复核更正：原始JPEG蓝色通道本身在32像素网格间交替约100/199，棋盘纹理来自测试素材，不是渲染新增。普通屏1206×2622与折叠屏1968×2184导出按原始JPEG和保存裁剪独立重建比对，各RGB平均差最大1.157/255和0.643/255；此前缩放、平移、保存、下载、刷新恢复均已完成。,Codex,2026-10-07T16:21:34+08:00,LOCAL_DEV / LOCAL,0.13.0,2.22.0,,,,.runtime/creator-acceptance/20261007/static-source-fidelity.json; make-fixtures.py; chrome-download-facts.json,,,QA-019关闭为测试误判，保留原始调查证据；没有修改渲染代码。
WST-005,4 壁纸素材和静态加工,折叠屏构图隔离,P0,E1，M01,1 编辑外屏；2 编辑内屏；3 切回外屏，再更换源图片往返查看,普通屏、外屏、内屏和不同源图分别保留构图,通过,键盘真实输入：Fold7外屏200%水平12，内屏200%水平-12；往返恢复各值，M02独立为0，切回M01外屏恢复12。,Codex,2026-10-07T09:07:42+08:00,LOCAL_DEV / LOCAL,0.13.0,2.22.0,,,,,,,自动化fill只发input未触发change，改用真实逐字键盘与失焦；未将工具操作差异登记为产品缺陷。
WST-006,4 壁纸素材和静态加工,静态资源保存,P0,E1，M01 和 M02,1 裁剪并保存两个尺寸；2 刷新；3 下载已保存资源,名称、像素和文件可恢复；创建壁纸可选择保存的正式静态原图,通过,复核更正：原始JPEG蓝色通道本身在32像素网格间交替约100/199，棋盘纹理来自测试素材，不是渲染新增。普通屏1206×2622与折叠屏1968×2184导出按原始JPEG和保存裁剪独立重建比对，各RGB平均差最大1.157/255和0.643/255；此前缩放、平移、保存、下载、刷新恢复均已完成。,Codex,2026-10-07T16:21:34+08:00,LOCAL_DEV / LOCAL,0.13.0,2.22.0,,,,.runtime/creator-acceptance/20261007/static-source-fidelity.json; make-fixtures.py; chrome-download-facts.json,,,QA-019关闭为测试误判，保留原始调查证据；没有修改渲染代码。
WST-007,4 壁纸素材和静态加工,列表封面选择,P0,E1，M01,1 勾选应用为壁纸缩略图；2 调整裁剪；3 打开创建壁纸,列表封面随指定裁剪更新，与正式资源清楚区分,通过,普通/折叠屏可分别选择缩略图，创建壁纸读取普通屏的已保存裁剪为列表封面。JPEG源像素与对应PNG裁剪比较通过；棋盘纹理属于源测试图，排除QA-019误判。,Codex,2026-10-07T16:21:34+08:00,LOCAL_DEV / LOCAL,0.13.0,2.22.0,,,,.runtime/creator-acceptance/20261007/static-cover-dialog.png; static-source-fidelity.json,,,
WST-008,4 壁纸素材和静态加工,视频帧用于静态裁剪,P1,E1，M03,1 定位约第 4 秒；2 捕获当前帧；3 裁剪并保存,输出包含对应秒数的画面，保存后可作为静态资源或封面,通过,真实UI定位4.0615秒并保存1206×2622静态PNG，捕获时间和下载SHA持久化一致；逐帧定位对应源帧121（4.0333秒）。源视频未声明色彩矩阵，FFmpeg默认转换与浏览器相差约15级绿色；明确按BT709解码并按相同cover裁剪后RGB平均差0.252/255，斜线运动位置、画面和尺寸一致，排除错帧与裁剪异常。,Codex,2026-10-07T22:49:04+08:00,LOCAL_DEV / LOCAL,0.13.0,2.22.0,,,,.runtime/creator-acceptance/20261007/captured-video-frame.png；capture-frame-bt709.png；static-frame-color-verified.json,,,
WTM-001,5 壁纸视频剪辑和 4D 预览,连续素材拼接,P0,E1，M01、M03、M04,1 图片和两段视频依次加入壁纸时间轴；2 播放；3 导出,顺序、每段源画面和成片总时长一致，无错误复用另一素材,通过,真实UI新任务1bfc5b79采用rendererVersion3，图片→M03两倍速裁剪2.9667至5.4秒→M04，成片126帧/4.2秒；第45帧匹配源3.9667秒，RGB均差0.030/0.016/0.070，旧色彩失真修复。之前两侧拖拽证据保留，速度仍为2倍。,Codex,2026-10-07T14:12:03+08:00,LOCAL_DEV / LOCAL,0.13.0,2.22.0,,,,wallpaper-color-retest.png；wallpaper-trim-both-edges-facts.json；wallpaper-trim-both-edges.png,QA-20261007-017,,复测通过，修复提交7fe0a80；显示连续时长4.22秒，成片按30fps量化为126帧。
WTM-002,5 壁纸视频剪辑和 4D 预览,图片默认帧数,P1,E1，M01,1 图片加入壁纸时间轴；2 修改帧数；3 导出,默认 10 帧，修改后按 30 fps 计算准确持续时间,通过,图片加入时默认10帧/0.33秒；键盘改30帧后时间轴显示1秒，并在三段拼接实际输出中占前30帧，成片150帧/30fps。,Codex,2026-10-07T13:08:25+08:00,LOCAL_DEV / LOCAL,0.13.0,2.22.0,,,,wallpaper-three-clips-facts.json；wallpaper-three-clips.png,,,
WTM-003,5 壁纸视频剪辑和 4D 预览,边缘裁剪保留速度,P0,E1，M03,1 设为 2 倍速；2 拖动入点和出点；3 对照秒数导出,只裁掉源范围，速度仍为 2 倍，裁剪与成片映射一致,通过,真实UI新任务1bfc5b79采用rendererVersion3，图片→M03两倍速裁剪2.9667至5.4秒→M04，成片126帧/4.2秒；第45帧匹配源3.9667秒，RGB均差0.030/0.016/0.070，旧色彩失真修复。之前两侧拖拽证据保留，速度仍为2倍。,Codex,2026-10-07T14:12:03+08:00,LOCAL_DEV / LOCAL,0.13.0,2.22.0,,,,wallpaper-color-retest.png；wallpaper-trim-both-edges-facts.json；wallpaper-trim-both-edges.png,QA-20261007-017,,复测通过，修复提交7fe0a80；显示连续时长4.22秒，成片按30fps量化为126帧。
WTM-004,5 壁纸视频剪辑和 4D 预览,剪断复制粘贴,P1,E1，M03,1 中间剪断；2 复制后一段；3 粘贴并重排,源范围、速度和素材身份保留，副本独立可编辑,通过,B工程真实播放头位置剪断M03，源范围分为2.9667–4.8667和4.8667–5.4秒，均保持2倍速。通过真实Ctrl/Cmd+C/V复制粘贴后一段，副本独立修改为5–5.4秒并前移，原段范围保持不变。,Codex,2026-10-07T13:18:41+08:00,LOCAL_DEV / LOCAL,0.13.0,2.22.0,,,,wallpaper-split-copy-paste.png,,,
WTM-005,5 壁纸视频剪辑和 4D 预览,删除中间片段,P0,E1，至少三段剪辑,1 删除中间段；2 拖动播放头；3 播放与导出,成片时间映射至保留素材，没有重复中间段或错帧,通过,删除所有中间M03片段后，UI预览切换到保留的M04，实际新生成任务3748b569成功，1080×1920/30fps/3秒/90帧，冻结输入仅含图片和M04，没有重复中间段。,Codex,2026-10-07T14:12:03+08:00,LOCAL_DEV / LOCAL,0.13.0,2.22.0,,,,wallpaper-generation-facts.json；任务3748b569-3ed5-4e4b-8631-c9d87aeed787,,,实际生成文件已核验；浏览器下载文件接收另属导出用例。
WTM-006,5 壁纸视频剪辑和 4D 预览,裁剪边界,P1,E1，M03,1 尝试把片段裁到零长度；2 试图超过原视频边界,阻止无效范围，不产生空片段或非法源时间,通过,将M03两倍速片段入点设为出点6秒，系统限制到5.9667–6秒，保留非零源帧；出点尝试999秒被限制为原片10秒，无空片段或超源范围。随后撤销恢复原裁剪，速度一直2倍。,Codex,2026-10-07T13:09:47+08:00,LOCAL_DEV / LOCAL,0.13.0,2.22.0,,,,wallpaper-trim-boundary.png,,,
WTM-007,5 壁纸视频剪辑和 4D 预览,清空重新剪辑,P1,E1，已有时间轴,1 删除全部片段；2 尝试生成；3 重新加入素材,空时间轴明确提示；重新加入后可正常预览和生成,通过,清空安卓工程后显示0秒0帧、播放和剪辑操作禁用、导出清单不提供空工程。重新加入图片和两视频后正常预览，实际生成5秒150帧MP4成功，无空片段冒充输出。,Codex,2026-10-07T13:08:25+08:00,LOCAL_DEV / LOCAL,0.13.0,2.22.0,,,,wallpaper-three-clips-facts.json；wallpaper-three-clips.png,,,
WTM-008,5 壁纸视频剪辑和 4D 预览,iOS 目标帧数,P0,E1，M03，iOS 工作区,1 调整目标帧数和剪辑；2 导出；3 核对源 MP4 帧数,目标信息可编辑；正式源文件不被误替换为平台预览的固定 60 帧版本,通过,真实UI将iOS目标300帧改为61帧，源剪辑出点4秒改为5秒。新任务428778d0实际导出1080×1920/30fps/5秒/150帧MP4，目标值已保存，正式源未被替换为60帧平台预览。,Codex,2026-10-07T14:21:16+08:00,LOCAL_DEV / LOCAL,0.13.0,2.22.0,,,,ios-target-retest.png；ios-150frame-retest.json,,,验收正式源导出，平台预览文件另由资源/后台联动用例验证。
WTM-009,5 壁纸视频剪辑和 4D 预览,鸿蒙时长和构图,P0,E1，M03，鸿蒙工作区,1 调整裁剪与速度；2 生成符合后台最小时长的 MP4,源 MP4 反映剪辑结果；平台预览处理与正式源分开,通过,真实UI鸿蒙独立工程裁剪源1至7秒、2倍速，构图111%/水平30/垂直-20。新任务42c9491c-8bfe-49a1-aef0-d14dcee70402成功，冻结构图及剪辑与UI一致，实际1080×1920/30fps/3秒/90帧正式MP4，未替换为2秒平台预览。,Codex,2026-10-07T14:22:06+08:00,LOCAL_DEV / LOCAL,0.13.0,2.22.0,,,,harmony-retest.json；harmony-crop-retest.png,,,
W4D-001,5 壁纸视频剪辑和 4D 预览,合法源包导入,P0,E1，M06,1 导入 4D ZIP；2 查看名称、图层和预览；3 关闭重新打开,合法源包可读取，图层有视差效果，不出现缺图,通过,自制M06有效v2源ZIP导入并显示两图层，已保存4D资源；关闭弹窗与刷新项目后重新打开，两图层与768×1024原始配置保留，预览可读且无缺图。,Codex,2026-10-07T09:45:34+08:00,LOCAL_DEV / LOCAL,0.13.0,2.22.0,,,,4d-preview.png；浏览器刷新复测,,,使用独立自制v2资源包，不使用用户业务素材。
W4D-002,5 壁纸视频剪辑和 4D 预览,普通和折叠预览,P1,E1，已导入 M06,1 切普通、外屏、内屏；2 操作视差预览,各预览比例合理，切换不破坏原包和已保存静态资源,通过,普通屏、外屏1080×2520和内屏1968×2184均实际显示并支持手动视差。发现外屏选择与折叠视图不一致，已修复；刷新后切外屏自动对应普通视图，切内屏对应折叠视图，双视图保留两者。原商品1仍v19，原静态59/视频68哈希与READY状态不变。,Codex,2026-10-07T12:47:51+08:00,LOCAL_DEV / LOCAL,0.13.0,2.22.0,,,,parallax-fold-outer-fixed.png; parallax-fold-inner-fixed.png; parallax-manual-before.png; parallax-manual-after.png; wallpaper-devices.test.cjs 5/5,QA-20261007-016,,修复后浏览器复测通过。
W4D-003,5 壁纸视频剪辑和 4D 预览,错误 4D 源包,P0,E1，M07,1 导入缺 config 或图层、损坏 ZIP；2 尝试创建壁纸,解释失败，不把普通 ZIP 当作可上架的 4D 资源,通过,缺配置包明确拒绝并提示config.json/layers或project.json；损坏ZIP提示不是完整ZIP。结合此前缺失图层文件拒绝实测，三个无效包均不进入可用素材，原2层合法包和项目状态未受影响。,Codex,2026-10-07T10:16:30+08:00,LOCAL_DEV / LOCAL,0.13.0,2.22.0,,,,,,,
W4D-004,5 壁纸视频剪辑和 4D 预览,4D 原包导出,P1,E1，已导入 M06,1 保存或右键导出原始资源包；2 校验文件及图层,完整 config 和所有图层保留，不混入预览封面替代源图,通过,正式 Chrome 实际下载 M06-valid-4d.zip；文件 34503 字节，SHA-256 与后台原包一致；未重写配置或图层。,Codex,2026-10-07T14:44:27+08:00,LOCAL_DEV / LOCAL,0.13.0,2.22.0,,,,chrome-original-downloads.png；chrome-download-facts.json,,,
IMG-001,6 图片内容编辑,新建图片模板,P0,E1,1 新建图片模板；2 设置名称和尺寸；3 打开画框,生成独立图片模板，可进入无限画布编辑，不自动产生发布成品,通过,浏览器新建“验收 20261007 图片模板”，1:1 1080×1080，进入独立画框编辑；加入M01和文字后才手动生成作品。,Codex,2026-10-07T09:11:48+08:00,LOCAL_DEV / LOCAL,0.13.0,2.22.0,,,,,,,
IMG-002,6 图片内容编辑,画框增删与尺寸,P1,E1，图片编辑,1 增加两个画框；2 修改尺寸；3 删除一个；4 尝试删除全部,尺寸生效；保留合法编辑画框；输出页集合与保留画框一致,通过,实际新增与删除画框，删除最后一个被阻止；撤销恢复后生成两页，实际 PNG 尺寸分别为1080×1080、640×1080。,Codex,2026-10-07T11:31:47+08:00,LOCAL_DEV / LOCAL,0.13.0,2.22.0,,,,.runtime/creator-acceptance/20261007/image-text-output.png,,,
IMG-003,6 图片内容编辑,选中边框与控制点,P0,E1，画框含图片、文字和形状,1 逐个点击；2 拖动控制点；3 点击外围,选中目标有边框与交互；右侧属性对应目标；外围取消选择,通过,画布实际点击图片、矩形和文字分别出现边框/四角控制点，属性对应目标；外围取消选择，图片控制点拖动可改尺寸。,Codex,2026-10-07T11:32:44+08:00,LOCAL_DEV / LOCAL,0.13.0,2.22.0,,,,.runtime/creator-acceptance/20261007/image-opacity-half.png,,,
IMG-004,6 图片内容编辑,移动缩放旋转,P1,E1，M01,1 移动、边缘缩放、角点缩放和旋转；2 撤销重做,位置和尺寸符合操作，旋转缩放锚点合理，撤销准确,通过,实际移动180×240屏幕像素、角点缩放400×600→535×735、旋转15°；旋转图层右边缘拖动仅宽535→635，高735不变，撤销重做恢复准确。,Codex,2026-10-07T11:32:44+08:00,LOCAL_DEV / LOCAL,0.13.0,2.22.0,,,,,,,
IMG-005,6 图片内容编辑,多选对齐分布,P1,E1，三个元素和两个画框,1 多选；2 对齐和水平分布；3 在不同画框尝试,按可见边界对齐，不重复移动嵌套子图层，间距准确,通过,Chrome真实Shift点击多选三图层，执行垂直居中与水平分布。后台保存坐标y均186，两间距均89.5px；再多选不同画框顶对齐，保存y均0。完成后撤销画框改变并清除测试新增图层。,Codex,2026-10-07T16:30:57+08:00,LOCAL_DEV / LOCAL,0.13.0,2.22.0,,,,.runtime/creator-acceptance/20261007/gallery-alignment-facts.json; gallery-multiple-aligned.png,,,测试在独立验收项目D进行，不修改用户项目。
IMG-006,6 图片内容编辑,图层锁定隐藏排序,P1,E1，重叠图层,1 锁定后尝试拖动；2 隐藏；3 上下调整图层,锁定阻止修改，隐藏影响画面，排序影响叠放；导出与预览一致,通过,锁定矩形后实际拖动不改变画面；隐藏后生成图集不含矩形；恢复显示并上下调整图层，图片与矩形重叠关系相应改变。,Codex,2026-10-07T11:35:26+08:00,LOCAL_DEV / LOCAL,0.13.0,2.22.0,,,,.runtime/creator-acceptance/20261007/image-hidden-output.png,,,
IMG-007,6 图片内容编辑,组与拆组,P1,E1，多个元素,1 组合；2 旋转并移动组；3 拆组,子元素世界位置和旋转保持，拆组不跳位,通过,图片/文字/矩形组成组后整体旋转30°并拖动，拆组保持世界位置和叠放；截图画布差异仅文字抗锯齿细微差异，平均通道差<0.002/255，无跳位。,Codex,2026-10-07T11:35:26+08:00,LOCAL_DEV / LOCAL,0.13.0,2.22.0,,,,.runtime/creator-acceptance/20261007/image-group-after-ungroup.png,,,
IMG-008,6 图片内容编辑,圆角与透明度,P0,E1，M02,1 图片设置圆角；2 不透明度设为 0、50、100；3 导出,数值正确影响图片，透明区域和圆角不被方形底色覆盖,通过,圆角80，透明PNG配合裁剪填满生成后圆角及透明区域均保留；画布0%不可见、50%半透明、100%恢复，实际成品与预览一致。,Codex,2026-10-07T11:32:44+08:00,LOCAL_DEV / LOCAL,0.13.0,2.22.0,,,,.runtime/creator-acceptance/20261007/image-radius-output.png,,,
IMG-009,6 图片内容编辑,各类型叠加方式,P0,E1，图片、文字、形状及组,1 分别选正常、正片叠底、滤色和叠加；2 导出比较,所有可绘制元素提供叠加设置，结果与画面相符；容器穿透按其设置表现,通过,直接加载当前GalleryCore/GalleryRenderer做像素级验证：组与组件实例的正常/正片叠底/滤色/叠加按公式合成，透传保留子级混合，50%透明度只合成一次，预览和导出像素一致；真实画框转组件再实例保留叠加/透明度并与接收画框背景合成。4项浏览器渲染回归通过。,Codex,2026-10-07T22:31:03+08:00,LOCAL_DEV / LOCAL,0.13.0,2.22.0,,,,.runtime/creator-acceptance/20261007/gallery-pixel-final.log,,,工程渲染回归覆盖容器与画框转换；前序真实编辑器单元素已验证。
IMG-010,6 图片内容编辑,文字排版,P0,E1，文字元素,1 输入中英文多行；2 修改字体、字号、字重、行高、字距和对齐；3 导出,字体与排版生效，换行和位置正确，无丢字或错字体,通过,实际输入中英文两行，设置苹方52px/700/行高1.5/字距2/居中/黄色；生成图集与预览一致，无丢字。,Codex,2026-10-07T11:31:47+08:00,LOCAL_DEV / LOCAL,0.13.0,2.22.0,,,,.runtime/creator-acceptance/20261007/image-text-output.png,,,
IMG-011,6 图片内容编辑,文字框尺寸模式,P1,E1，长文字,1 切自动宽度、自动高度和固定尺寸；2 调整宽高,自动模式正确重排；固定模式按框处理，不意外改变字体大小,通过,自动宽度、自动高度、固定尺寸均实际切换；宽200自动重排到高312，固定高250字号保持52，自动宽度恢复321×156。,Codex,2026-10-07T11:31:47+08:00,LOCAL_DEV / LOCAL,0.13.0,2.22.0,,,,.runtime/creator-acceptance/20261007/image-text-output.png,,,
IMG-012,6 图片内容编辑,颜色和渐变,P1,E1，文字或形状,1 切纯色、线性渐变、径向渐变；2 增删或拖动色标；3 调透明度,色值、方向和透明色标生效，刷新和导出保留设置,通过,纯色切线性渐变，真实输入红色/角45°，新增50%透明色标并删除；径向渐变反转后色标移20%，生成渐变正确，刷新保留全部参数。,Codex,2026-10-07T11:37:41+08:00,LOCAL_DEV / LOCAL,0.13.0,2.22.0,,,,.runtime/creator-acceptance/20261007/image-radial-gradient.png,,,
IMG-013,6 图片内容编辑,投影和模糊效果,P1,E1，可绘制图层,1 添加投影、内阴影、模糊；2 切隐藏；3 删除效果,参数对应画面，隐藏与删除正确，效果不污染其他图层,通过,实际添加白色投影(40/40/12)、内阴影(30/30/15)、模糊30；效果仅影响矩形，隐藏恢复清晰，删除后效果控件移除；生成模糊图集一致。,Codex,2026-10-07T11:37:41+08:00,LOCAL_DEV / LOCAL,0.13.0,2.22.0,,,,.runtime/creator-acceptance/20261007/image-blur-output.png,,,
IMG-014,6 图片内容编辑,蒙版和样机,P0,E1，M01，含样机或蒙版模板,1 替换主壁纸；2 调整屏幕内容；3 导出,壁纸在指定蒙版内，样机边框和覆盖图层正确保留,通过,样机边框、屏幕裁剪、缩放和独立参数已实际操作与导出。此前QA-019棋盘纹理误判已排除：原始JPEG实测蓝通道32像素网格交替100/199，与测试素材生成规则吻合；原图本地下载SHA和后台一致。,Codex,2026-10-07T16:21:34+08:00,LOCAL_DEV / LOCAL,0.13.0,2.22.0,,,,.runtime/creator-acceptance/20261007/gallery-chrome-retest.png; gallery-input.json; static-source-fidelity.json,,,QA-019关闭为测试误判；原先“原图没有棋盘”结论有误。
CMP-001,7 组件和模板复用,主组件修改同步,P0,E1，一个主组件、两个实例,1 修改主组件图片或文字；2 查看两实例,未覆盖属性同步，实例自身位置和大小保留,通过,主组件文字修改立即同步两实例；原实例1139×940和第二实例448×370保持，字号主60同步为A60/B23.60。,Codex,2026-10-07T11:41:37+08:00,LOCAL_DEV / LOCAL,0.13.0,2.22.0,,,,.runtime/creator-acceptance/20261007/component-independent-edits.png,,,
CMP-002,7 组件和模板复用,实例局部修改,P1,E1，一个主组件、两个实例,1 在实例 A 修改图片位置并增删子图层；2 刷新；3 查看 B,A 独立修改保存，B 和主组件不受影响，共享属性仍可同步,通过,实例A独立文字、图片10px键盘位移、复制新增与删除子图层；刷新后A修改保留而B/主组件不变，主字号仍同步；修复了复制后选中丢失。,Codex,2026-10-07T11:41:37+08:00,LOCAL_DEV / LOCAL,0.13.0,2.22.0,,,,.runtime/creator-acceptance/20261007/component-independent-edits.png,QA-CMP-002-SELECTION,,修复已通过浏览器复测及20项相关自动测试。
CMP-003,7 组件和模板复用,重置实例,P1,E1，实例已有局部覆盖,1 重置当前实例修改；2 查看其他实例,当前实例恢复主组件内容，不重置其他实例布局,通过,重置A恢复主组件文字，B独立文字保留且两实例布局不变；补测B副本4→3立即移除，修复重置后图层列表滞后。,Codex,2026-10-07T11:41:37+08:00,LOCAL_DEV / LOCAL,0.13.0,2.22.0,,,,,QA-CMP-003-STALE-LAYERS,,
CMP-004,7 组件和模板复用,解除组件关联,P1,E1，关联实例,1 解除关联；2 修改主组件；3 编辑解除后的元素,解除后的画面完整保留且独立，不再随主组件变化,通过,解除A关联后保留画面，主组件改为新版本仅B同步；A仍旧文字，可继续编辑为解除后独立编辑A。,Codex,2026-10-07T11:41:38+08:00,LOCAL_DEV / LOCAL,0.13.0,2.22.0,,,,,,,
CMP-005,7 组件和模板复用,有关联也可删除组件,P0,E1，主组件仍有多个实例，另有可保留画框,1 删除主组件；2 检查实例；3 刷新并导出,可删除，不要求先逐个解除；实例保留为独立内容，素材引用和局部覆盖不丢失,通过,主组件关联B/C两个实例时删除成功；A已独立不受影响，B独立文字与C默认文字均保留，刷新后两页PNG生成内容完整。,Codex,2026-10-07T11:42:39+08:00,LOCAL_DEV / LOCAL,0.13.0,2.22.0,,,,.runtime/creator-acceptance/20261007/component-deleted-output.png,,,
TPL-001,7 组件和模板复用,模板保存和跨项目使用,P0,E1，图片或视频模板，T1,1 保存到模板库；2 在新项目套用；3 绑定新的主素材,布局、固定装饰、外观和动画保留；旧主素材绑定和旧生成结果不自动带入,通过,发现跨项目模板沿用旧主壁纸绑定，已修复。空项目D套用后主壁纸与动态素材均未绑定，旧iPhone主图未导入；固定图片、文字、视频、音频布局保留，副本字号72保留。导入新M01后可独立绑定；作品库为空，没有继承旧成品。,Codex,2026-10-07T11:19:15+08:00,LOCAL_DEV / LOCAL,0.13.0,2.22.0,,,,.runtime/creator-acceptance/20261007/template-binding-fixed.png,跨项目旧主素材绑定已修复,,
TPL-002,7 组件和模板复用,模板副本独立,P1,E1，已保存模板,1 复制并分别套用；2 修改其中一个副本,不修改原模板或另一个实例，身份与名称可区分,通过,从B原模板复制、改名后将副本文字64改为72，保存后切回原模板仍64；新项目D套用副本仍72，两个模板身份和名称可区分。,Codex,2026-10-07T11:19:15+08:00,LOCAL_DEV / LOCAL,0.13.0,2.22.0,,,,,,,
TPL-003,7 组件和模板复用,模板搜索改名回收站,P1,E1，自建模板,1 搜索和改名；2 删除到回收站；3 恢复并套用,分类搜索准确，删除可恢复，已生成作品不被删掉,通过,唯一名称搜索模板副本，移入回收站后正常列表不再显示；回收站查到并恢复，可正常套用；D作品库为空、B已有作品未移入模板回收站。,Codex,2026-10-07T11:19:15+08:00,LOCAL_DEV / LOCAL,0.13.0,2.22.0,,,,,,,
VID-001,8 视频画布与元素属性,空白新建视频模板,P0,E1,1 新建视频模板；2 查看时间轴；3 拖入素材,不依赖固定几条默认轨道；新素材可建立轨道,通过,新建720×1280视频模板，初始0画面轨/0音轨，添加视频文字和音频后自动出现对应动态轨道，无固定轴限制。,Codex,2026-10-07T09:17:00+08:00,LOCAL_DEV / LOCAL,0.13.0,2.22.0,,,,,,,
VID-002,8 视频画布与元素属性,外围显示画布设置,P0,E1，视频编辑且元素已选中,1 点击画布外围；2 查看右侧；3 再次选中元素,外围显示画布与输出设置；选中后显示片段属性，可通过入口切回,通过,在时间轴选中视频显示视频布局、圆角、透明度和叠加属性；点击画布外围取消选择并显示画布与输出设置；点击画面重新选择。片段属性的“画布与输出”入口也可切回设置。,Codex,2026-10-07T10:26:27+08:00,LOCAL_DEV / LOCAL,0.13.0,2.22.0,,,,video-element-selection.png,,,
VID-003,8 视频画布与元素属性,画布尺寸与锁比例,P0,E1，T1,1 切 9 比 16、1 比 1 和横屏预设；2 自定义尺寸；3 锁定比例改宽；4 交换宽高,宽高与预设一致；锁比例按比例联动；背景和元素可继续编辑,通过,浏览器切换1:1 1080×1080、横屏1280×720、竖屏720×1280；锁比例改宽360联动高640；交换成为640×360；加入视频和文字后仍可编辑。,Codex,2026-10-07T09:17:00+08:00,LOCAL_DEV / LOCAL,0.13.0,2.22.0,,,,,,,
VID-004,8 视频画布与元素属性,视频尺寸边界,P1,E1,1 输入 63、4097、空值和奇数尺寸；2 设置 64 和 4096 边界,越界和空值拒绝；合法尺寸按偶数像素归整，界面显示实际保存值,通过,数值真实键盘输入63、4097、空值均提示64–4096并恢复640；64和4096合法，721归整722。,Codex,2026-10-07T09:17:00+08:00,LOCAL_DEV / LOCAL,0.13.0,2.22.0,,,,,,,
VID-005,8 视频画布与元素属性,项目帧率,P0,E1，视频模板,1 依次选择可选帧率；2 调整起止；3 导出并读取元数据,编辑步进和输出帧数按当前帧率，成片帧率符合选择,通过,24/25/30/50/60fps均实际生成核对，3秒分别72/75/90/150/180帧（25fps另有30秒750帧）；手动起止/源入点修复后按当前帧对齐，30fps下0.04→1/30，时长2.013→2秒。,Codex,2026-10-07T11:47:41+08:00,LOCAL_DEV / LOCAL,0.13.0,2.22.0,,,,.runtime/creator-acceptance/20261007/video-frame-rate-probes.json,QA-VID-005-FRAME-TIME,,
VID-006,8 视频画布与元素属性,默认跟随最后片段,P0,E1，至少两轨,1 查看默认时长模式；2 延长最晚结束片段；3 缩短或删除该段,默认自动跟随最晚结束片段，按帧对齐且最长 30 秒，不只跟随最后添加的段,通过,B默认跟随最后一个片段；较早创建的文字段延至8秒、后来添加图片仍3秒，成片为8秒；删除最长文字后3秒，撤销恢复8秒；30秒可设、31被拒绝；恢复文字3秒后总长3秒。,Codex,2026-10-07T10:57:04+08:00,LOCAL_DEV / LOCAL,0.13.0,2.22.0,,,,.runtime/creator-acceptance/20261007/video-duration-validation.png,,,
VID-007,8 视频画布与元素属性,手动时长,P1,E1，视频模板,1 手动缩短时长；2 再延长；3 输入 0 或 31,后方片段仍保留可编辑；合法时长按帧对齐；越界不保存,通过,B为25fps，手动1.01秒实际对齐1.04秒，延长至6秒；全部5片段保持可编辑；输入0或31后仍6秒，刷新保持合法6秒且越界不保存；结束恢复默认跟随片段3秒。,Codex,2026-10-07T10:57:04+08:00,LOCAL_DEV / LOCAL,0.13.0,2.22.0,,,,.runtime/creator-acceptance/20261007/video-duration-validation.png,,,
VID-008,8 视频画布与元素属性,独立输出尺寸,P0,E1，含多个元素,1 设置与画布一致；2 切自定义输出尺寸并锁比例；3 导出,输出为指定尺寸，画布布局和画布宽高不被改变,通过,与画布一致显示720×1280；自定义锁比例改宽288后高512，实际50/60fps成片288×512，画布维持720×1280且元素布局不变。,Codex,2026-10-07T11:47:41+08:00,LOCAL_DEV / LOCAL,0.13.0,2.22.0,,,,.runtime/creator-acceptance/20261007/video-frame-rate-probes.json,,,
VID-009,8 视频画布与元素属性,画质说明和码率,P1,E1，M02 渐变与 M03 细节,1 查看标准与高画质说明；2 分别导出；3 设置自定义码率并导出,说明压缩和体积差异；不暗改尺寸或帧率；自定义码率范围为 0.5 至 100 Mbps,通过,标准/高画质说明明确压缩与体积差；同360×640/30fps/3秒高画质码率414850、标准240325，尺寸帧率不变；0.5Mbps自定义实际生成，0.1/200越界拒绝并保留原8。,Codex,2026-10-07T11:47:41+08:00,LOCAL_DEV / LOCAL,0.13.0,2.22.0,,,,.runtime/creator-acceptance/20261007/video-frame-rate-probes.json,,,自定义为目标码率，实际VBR平均值随画面复杂度变化。
VID-010,8 视频画布与元素属性,视频和图片可选中,P0,E1，视频画布有 M01 和 M03,1 点击画面；2 在时间轴点击相应片段；3 切图层选择器,三种选择入口同步，出现边框与控制点，右侧可编辑正确素材属性,通过,视频M03与图片M01可通过时间轴、画面点击、图层选择器选中；选择器正确指向对应片段，画面出现边框与控制点，右侧显示各自素材及属性（视频原圆角40px可读取），外围可取消。,Codex,2026-10-07T10:26:27+08:00,LOCAL_DEV / LOCAL,0.13.0,2.22.0,,,,video-element-selection.png,,,
VID-011,8 视频画布与元素属性,元素拖动缩放旋转,P1,E1，已选中视频或图片,1 拖动、角点和边缘缩放、旋转；2 修改数值；3 导出,控制点和数值操作对应同一几何结果，不误操作整个画布,通过,D 项目隔离视频层；画布拖动 40×35 px，角点缩放 720×1280→646.15×1203.08，边缘仅改宽度至592.3，旋转手柄至15.80°、数值改15°。实际3秒成片保留移动、缩放和旋转，画布720×1280不变。,Codex,2026-10-07T11:51:52+08:00,LOCAL_DEV / LOCAL,0.13.0,2.22.0,,,,.runtime/creator-acceptance/20261007/video-geometry-output.png,,,
VID-012,8 视频画布与元素属性,视频外观属性,P0,E1，图片、视频、样机及文字层,1 修改圆角和不透明度；2 各可绘制元素修改叠加方式；3 导出,图片和视频支持圆角；所有可绘制元素支持透明度与叠加，成片匹配预览；音频无视觉叠加属性,通过,D 项目视频原画支持圆角40/透明80/滤色并实际成片；切换手机样机后支持正片叠底和80%透明；图片400×400、圆角80、透明50%、叠加；文字70%透明、滤色。实际3秒综合成片匹配预览；音频选中仅音量淡入淡出时间参数，无视觉叠加。,Codex,2026-10-07T12:01:50+08:00,LOCAL_DEV / LOCAL,0.13.0,2.22.0,,,,.runtime/creator-acceptance/20261007/video-appearance-output.png,,,
VID-013,8 视频画布与元素属性,视频文字属性,P0,E1，文字片段,1 双击修改文字；2 修改字体、字号、颜色、渐变、对齐；3 导出,中文多行正常，字重行高与字距可编辑，文字位置和外观保留,通过,D 项目画布双击文字→输入中文和English两行→提交；苹方简体60px、粗体、行高1.5、字距2px、水平居中；黄色至红色线性渐变。实际3秒视频保留两行排版、颜色与位置。,Codex,2026-10-07T11:55:42+08:00,LOCAL_DEV / LOCAL,0.13.0,2.22.0,,,,.runtime/creator-acceptance/20261007/video-text-gradient-output.png,,,
VTL-001,9 视频动态轨道与播放,同轨放置与新增轨道,P0,E1，M01、M03、M04,1 将素材拖到同一轨道空位；2 拖到轨道间隙和底部新增区,同轨素材排在同一行；新的轴位置新增轨道，无固定轴名称限制,未执行,真实原生拖动片段到轨道间隙，6条画面轨道增至7；拖回已有轨道后两片段同一trackId，空轨自动移除回6条，并显示前后贴齐标记。素材列表HTML5拖入两次无效果，底部新增区未完成。,Codex,2026-10-07T16:30:57+08:00,LOCAL_DEV / LOCAL,0.13.0,2.22.0,,,,.runtime/creator-acceptance/20261007/timeline-native-drag-same-track.png,,,片段指针拖动已验证；HTML5素材拖放需复核，当前无法判断操作驱动或页面原因。保留部分覆盖，不记整项通过。
VTL-002,9 视频动态轨道与播放,跨轨移动,P0,E1，至少两轨,1 把已有片段拖到其他轨道；2 拖到新轨位置；3 导出,开始时间和目标轨更新；同轨不允许非法重叠，无法放置时有提示,通过,D 项目新M01片段从独立轨拖至已有图片轨，开始3.2秒；近邻吸附改3秒；再拖至轨道间隙新增独立轨，开始仍3秒。原空轨自动移除、同轨保持无重叠。任务1641b0ee实际输出6秒/180帧，3.1秒为后续M01画面。,Codex,2026-10-07T12:04:30+08:00,LOCAL_DEV / LOCAL,0.13.0,2.22.0,,,,.runtime/creator-acceptance/20261007/timeline-next-clip-output.png,,,
VTL-003,9 视频动态轨道与播放,轨道名称和图标,P1,E1，画面和音频轨道,1 导入多种素材；2 查看轨道左侧,前部只区分视频与音频，不固定显示“文字与前景”等模板轴名，图标简洁,通过,D 项目包含图片、文字、视频和音频；四条画面轨头部均只标视频，音轨标音频，均有简洁眼睛与声音图标；无文字与前景等固定模板轴名。,Codex,2026-10-07T11:51:52+08:00,LOCAL_DEV / LOCAL,0.13.0,2.22.0,,,,,,,
VTL-004,9 视频动态轨道与播放,贴齐交互,P0,E1，同轨两个片段,1 拖动接近相邻边缘；2 松开；3 播放接缝,吸附时有辅助线，松开有“已贴齐”或接缝标记；两个片段无时间空隙,通过,D 项目同轨前段0..3秒；M01后段由3.2秒拖近接缝后吸附至3秒，显示“✓ 已贴齐”和无间隙提示、接缝标記；预览跨接缝无持续空白，后续实际6秒成片3.1秒显示第二段。,Codex,2026-10-07T12:04:30+08:00,LOCAL_DEV / LOCAL,0.13.0,2.22.0,,,,.runtime/creator-acceptance/20261007/timeline-snap-seam.png,,,
VTL-005,9 视频动态轨道与播放,取消吸附与精确定位,P1,E1，同轨两个片段,1 按住 Shift 拖动；2 不按 Shift 拖动；3 修改开始秒数,Shift 不强制吸附，普通操作按帧或相邻边缘定位；最终时间可核对,未执行,默认拖动后开始时间按30fps对齐；实际键盘输入1.017秒，后台保存为1.0333333333秒（31帧），已有同轨片段贴齐反馈可见。Shift拖动取消吸附尚未完成。,Codex,2026-10-07T16:30:57+08:00,LOCAL_DEV / LOCAL,0.13.0,2.22.0,,,,.runtime/creator-acceptance/20261007/timeline-native-drag-same-track.png,,,当前原生drag API没有按住修饰键参数，不能代替真实Shift拖动验收。
VTL-006,9 视频动态轨道与播放,裁剪分割与源连续性,P0,E1，M03、M04,1 改速后裁剪；2 在循环段中剪断；3 对照秒数播放,裁剪保留速度；剪断前后源帧连续，不错误从零重新循环,通过,D 项目M03持续7秒、源起点1秒、速度2；拖动右缘裁至6.5秒仍保留2倍速。在5秒即第二次循环中剪断，后片开始5秒、持续1.5秒、sourceIn=11保留loopIn=1；实际任务ef276d98成功生成360×640/30fps/195帧6.5秒含AAC。分割点149→150帧均差0.079/255，画面连续未从零重播；源时间计算和裁剪分割专项7项自动测试通过。,Codex,2026-10-07T12:13:38+08:00,LOCAL_DEV / LOCAL,0.13.0,2.22.0,,,,.runtime/creator-acceptance/20261007/video-loop-split-probe.json,,,
VTL-007,9 视频动态轨道与播放,短视频填充,P0,E1，M04 放入约 7 秒片段,1 选择循环；2 选择停留末帧；3 预览和导出,循环按源时长回放；停留显示源末帧，均不隐式变速或出现空白,通过,D项目2秒M04设置7秒、速度1：循环任务0b18bd99输出7秒210帧，5秒画面源计时1.000；停留末帧初测停在58帧，修复取源末帧内部时间并升级生成快照版本避免旧缓存。复测e57414d9输出7秒30fps/210帧，第5秒明确显示源1.967/59帧，预览无空白，播放未隐式变速。,Codex,2026-10-07T12:23:39+08:00,LOCAL_DEV / LOCAL,0.13.0,2.22.0,,,,.runtime/creator-acceptance/20261007/short-video-hold-fixed-output.png；short-video-loop-output.png,QA-20261007-013,,末帧已修复复测；8项相关自动测试通过。
VTL-008,9 视频动态轨道与播放,图层覆盖与隐藏,P0,E1，两条重叠画面轨,1 上下移动轨道；2 隐藏上轨；3 导出,上方视觉轨覆盖下方；隐藏轨不绘制，音频不画进画布,通过,M01 轨道上移两次后在 4 秒覆盖 M04；隐藏 M01 后同位置预览与实际生成恢复 M04 末帧 59；音频轨未绘入画面。,Codex,2026-10-07T12:35:40+08:00,LOCAL_DEV / LOCAL,0.13.0,2.22.0,,,,timeline-upper-track-preview.png; timeline-upper-track-output.png; timeline-hidden-upper-preview.png; timeline-hidden-upper-output.png; task 0b925eae / 249d6c60,,,
VTL-009,9 视频动态轨道与播放,原视频声音开关,P0,E1，M03,1 开启画面轨声音；2 静音；3 两种状态分别导出,视频自带音轨按开关播放和输出；图片可显示轨道声音控制但不凭空产生声音,通过,D 项目 M03 自带音轨；关闭 M05 独立音乐后，开启画面轨声音生成82a7b201：H264+AAC均3秒，mean -22.0 dB/max -12.5 dB；关闭视频轨声音生成216656e1：仅H264无音轨，视觉时长3秒保持。图片轨也有声音图标，未产生声音。,Codex,2026-10-07T11:54:01+08:00,LOCAL_DEV / LOCAL,0.13.0,2.22.0,,,,.runtime/creator-acceptance/20261007/video-muted-output.png,,,
VTL-010,9 视频动态轨道与播放,音频音量与淡入淡出,P0,E1，M05,1 加入音频轨；2 修改音量、源起点、时长及淡入淡出；3 导出试听,音量和起止正确，淡入淡出可辨识；静音轨不混入输出,通过,D 项目 M05 音量0.25、源起点1秒、持续2秒、速度1、淡入/淡出各0.5秒；原视频静音，实际3秒视频带AAC。中段-33.1dB对比原音-21.1dB符合0.25幅度；0秒-50.8dB、1.9秒-51.9dB呈渐入渐出；2.2秒-91dB静音。先前双轨关闭输出无音轨。,Codex,2026-10-07T11:56:48+08:00,LOCAL_DEV / LOCAL,0.13.0,2.22.0,,,,.runtime/creator-acceptance/20261007/video-audio-fade-probe.json,,,
VTL-011,9 视频动态轨道与播放,播放拖动和暂停,P0,E1，M03 加文字、样机与音轨,1 播放 20 秒合成；2 连续拖动；3 暂停和恢复,暂停停在当前位置；拖动后画面与声音同步，不重复启动音源或持续显示空白,通过,实际播放 22 秒多轨合成并完成一次循环；暂停后播放头稳定，拖动到 5/12/2 秒并恢复。页面仅有一个活跃音频元素，时间映射与 1.5 倍速及 sourceIn=2 一致（误差约 0.07 秒）。未做人工听音。,Codex,2026-10-07T14:35:39+08:00,LOCAL_DEV / LOCAL,0.13.0,2.22.0,,,,long-play-pause.png；long-play-seek.png,,,浏览器操作验证；拖动时自动暂停，再点击播放恢复。
VTL-012,9 视频动态轨道与播放,示例动态素材播放,P0,E1，内置动态素材和实拍混用,1 添加曾出现空白的示例动态素材；2 播放、循环和导出,示例不依赖仅暂停状态的截图，播放与导出均有动态画面,通过,内置城市飞行动态素材与真实M04视频混用：实际循环播放后导出7秒360×640/30fps H264，210帧；0.5/1.5/3秒示例画面及5.5/6.5秒实拍测试视频均非空、画面变化，QAMIX.mp4下载SHA与后台文件一致。,Codex,2026-10-07T16:37:59+08:00,LOCAL_DEV / LOCAL,0.13.0,2.22.0,,,,mixed-playback-running.png; mixed-generation-facts.json; mixed-frame-0.5.png; mixed-frame-3.png; mixed-frame-5.5.png,,,
VTL-013,9 视频动态轨道与播放,空轨删除与复制粘贴,P1,E1，已有片段和空轨,1 删除空轨；2 复制粘贴片段；3 在放不下的轨道粘贴,空轨可删除；副本独立；无足够空间时明确提示，不覆盖其他段,通过,D 项目新增空画面轨后删除，6轨回5轨；复制M01自动放到6秒，副本不透明度20而原片100；删除副本后恢复6秒总长。把原片延至27秒后，通过右键复制/粘贴到占用轨出现明确“当前轨道放不下”提示，仍仅一份M01且未覆盖其他片段；恢复原片3秒。,Codex,2026-10-07T12:09:04+08:00,LOCAL_DEV / LOCAL,0.13.0,2.22.0,,,,.runtime/creator-acceptance/20261007/timeline-paste-no-room.png,,,
LIB-001,10 素材库和收藏,素材库弹窗分类,P1,E1，T1,1 打开素材库；2 切音频、图片、视频和文字；3 切项目素材与我的收藏,使用弹窗，分类和内容匹配，关闭后返回编辑,通过,素材库以弹窗打开；音频、图片、视频、文字四个分类分别展示对应项目素材和我的收藏，文字为可编辑片段；关闭后返回原视频编辑画面。,Codex,2026-10-07T10:42:59+08:00,LOCAL_DEV / LOCAL,0.13.0,2.22.0,,,,.runtime/creator-acceptance/20261007/text-favorite.png,,,
LIB-002,10 素材库和收藏,收藏并自定义命名,P0,E1，M01、M03、M05,1 各类素材收藏并输入自定义名；2 搜索该名；3 刷新,收藏持久保存，名称可搜索，不自动替换原文件名或其他收藏,通过,图片、视频、音频、文字分别自定义命名收藏；刷新后逐类搜索各返回1项，文件原名称仍单独展示（M05-tone.wav、M02-transparent.png、剪辑.mp4）；文字收藏仍为可编辑片段。,Codex,2026-10-07T10:52:33+08:00,LOCAL_DEV / LOCAL,0.13.0,2.22.0,,,,.runtime/creator-acceptance/20261007/text-favorite.png,,,
LIB-003,10 素材库和收藏,时间轴右键收藏,P0,E1，图片、视频、文字和音频片段,1 右键片段；2 点击收藏并命名；3 查看对应库,右键均有收藏入口；对应类型保存，不只支持图片或音频,通过,副本B时间轴图片、视频、音频、文字均通过真实右键菜单“收藏…”保存，并分别进入图片库、视频库、音频库、文字库；文字不是截图。,Codex,2026-10-07T10:52:33+08:00,LOCAL_DEV / LOCAL,0.13.0,2.22.0,,,,,,,DOM定位右键未触发时改用真实坐标右键并确认可见菜单；未按无菜单状态计通过。
LIB-004,10 素材库和收藏,文字收藏可编辑复用,P0,E1，设置过排版的文字片段,1 收藏；2 在新项目加入；3 修改文本和样式,文字作为可编辑元素复用，不是栅格截图；原收藏不被实例修改,通过,A收藏文字后B加入为可编辑文字层；用键盘改为“副本 B 收藏实例\n中文 English”、字号64，刷新后仍保留；原收藏预览仍“ 双击编辑文字 ”，未被实例修改。,Codex,2026-10-07T10:52:33+08:00,LOCAL_DEV / LOCAL,0.13.0,2.22.0,,,,.runtime/creator-acceptance/20261007/text-favorite.png,,,
LIB-005,10 素材库和收藏,已裁剪片段收藏,P1,E1，已裁剪并改速的 M03,1 收藏片段；2 新项目使用；3 查看源入点、持续和速度,保留收藏片段的必要编辑参数与源文件，不错误替换为整个原片段,通过,B将15秒源音频裁为持续2秒、源入点2秒、速度1.5×并收藏；A使用后这些参数、音量0.5、淡入0.4/淡出0.6及循环均保留，原文件仍为15秒可播放素材，没有错误替换为整段。,Codex,2026-10-07T10:55:07+08:00,LOCAL_DEV / LOCAL,0.13.0,2.22.0,,,,.runtime/creator-acceptance/20261007/audio-favorite-parameters.png,,,
LIB-006,10 素材库和收藏,收藏改名与取消收藏,P1,E1，有收藏并已在项目中使用,1 修改收藏名；2 移出收藏；3 查看当前项目和刷新,收藏名更新；移出后不破坏已经加入项目的素材和作品,通过,将变速音频收藏改名后搜索新名称，再移出收藏；刷新A后实例仍为原名、持续2秒/速度1.5×/独立源入点1.2秒；从项目素材试听文件duration15、readyState4、无错误且正在播放。,Codex,2026-10-07T10:55:07+08:00,LOCAL_DEV / LOCAL,0.13.0,2.22.0,,,,.runtime/creator-acceptance/20261007/favorite-instance-after-removal.png,,,
LIB-007,10 素材库和收藏,跨项目收藏复用,P0,E1，有收藏,1 在另一项目使用；2 刷新；3 分别修改两项目实例,收藏可读取，实例相互独立，不丢文件,通过,A、B跨项目复用图片、文字和音频；刷新后保留文件与文字实例；A将复用音频入点改1.2秒，重新读取B仍2秒/速度1.5×/持续2秒，文字B改为64px多行而原收藏保持原文本。,Codex,2026-10-07T10:55:07+08:00,LOCAL_DEV / LOCAL,0.13.0,2.22.0,,,,.runtime/creator-acceptance/20261007/text-favorite-reused.png,,,
LIB-008,10 素材库和收藏,试听切换与关闭,P1,E1，两个音频收藏,1 试听第一个；2 切第二个；3 关闭弹窗,切换与关闭停止旧预览，不出现多条试听叠音,通过,试听片段收藏后有一条HTML AUDIO在播放；切换到第二条收藏后仅新AUDIO播放（src不同、从0开始），关闭弹窗后无播放中的媒体元素，编辑器保持暂停。,Codex,2026-10-07T10:50:37+08:00,LOCAL_DEV / LOCAL,0.13.0,2.22.0,,,,,,,真实DOM媒体状态验证；未用截图替代试听状态。
LIB-009,10 素材库和收藏,库素材本地导出,P1,E1，各类收藏,1 从库内右键导出；2 验证图片、视频、音频原文件与文字 TXT,媒体原文件可使用，文字 TXT 内容准确；文字在库内仍可编辑复用，TXT 不被误称含完整排版的模板备份,通过,实际Chrome从音频/图片/视频/文字四库右键导出，得到WAV/PNG/MP4/TXT。PNG/WAV哈希与原文件一致，收藏剪辑视频可被ffprobe识别；TXT为“双击编辑文字”，与库预览一致。文字仍保留可编辑收藏与加入画面入口，TXT只含文字没有宣称完整排版模板。,Codex,2026-10-07T15:07:26+08:00,LOCAL_DEV / LOCAL,0.13.0,2.22.0,,,,.runtime/creator-acceptance/20261007/library-download-facts.json,,,媒体/文字复用编辑已由LIB-003~006覆盖；本次补完实际下载。
WRK-001,11 生成作品和生成任务,多图生成与保存,P0,E1，至少两个可输出图片画框,1 生成作品；2 查看各页预览；3 命名并保存至发布内容,各页输出完整、顺序正确；保存成作品和推广素材，关闭弹窗且仍在创作工作区,通过,生成两页1080×1080PNG，命名“验收 20261007 两页图文”后点击保存至发布内容；弹窗关闭仍在创作页，作品库显示2张图片。,Codex,2026-10-07T09:12:49+08:00,LOCAL_DEV / LOCAL,0.13.0,2.22.0,,,,.runtime/creator-acceptance/20261007/image-work-preview.png,,,
WRK-002,11 生成作品和生成任务,视频生成与保存,P0,E1，视频模板含 M03 和 M05,1 生成作品；2 试听预览；3 保存至发布内容,保存到作品库和发布素材，不存为视频收藏；不自动跳转下一步,通过,发现并修复直接H264复制按帧停止导致音轨丢失；升级生成缓存版本。界面新生成73fd8807，保存至作品库和发布素材后仍停留创作页；重新打开按空格播放正常。FFprobe确认360×640、25fps、75帧、3秒H264及3秒AAC，非静音音频峰值-14.2dB。,Codex,2026-10-07T11:13:50+08:00,LOCAL_DEV / LOCAL,0.13.0,2.22.0,,,,.runtime/creator-acceptance/20261007/video-audio-fixed.png,直接编码音轨丢失已修复,,
WRK-003,11 生成作品和生成任务,导出视频到本地,P0,E1，视频模板,1 点击导出视频；2 查看下载；3 核对作品库数量,下载有效 MP4，按文件名和输出设置生成，不自动增加发布作品,通过,实际Chrome首次生成和缓存复用均下载自定义名称MP4；360×640、25fps、3秒75帧H.264/AAC，两个文件SHA256一致7b6aef71…；作品库保持5条。修复复用下载错误命名output.mp4。,Codex,2026-10-07T15:18:27+08:00,LOCAL_DEV / LOCAL,0.13.0,2.22.0,,,,.runtime/creator-acceptance/20261007/local-export-name-fixed.png; local-export-name-tests.log,QA-020,,复测通过，10项直接相关单元检查通过。
WRK-004,11 生成作品和生成任务,同一结果重复保存,P0,E1，已生成并保存一份结果,1 再保存同一结果；2 修改名称后保存；3 检查列表,继续使用同一份作品，名称更新，不增加重复作品和素材,通过,B新生成任务fe73a1e3保存一次后，从生成任务再次保存，明确提示不新增；改名后作品库仅一份同ID作品，原来的两份作品仍保留。,Codex,2026-10-07T11:12:37+08:00,LOCAL_DEV / LOCAL,0.13.0,2.22.0,,,,,,,
WRK-005,11 生成作品和生成任务,已生成成品不随模板变化,P0,E1，已保存作品,1 更换模板素材、文字和尺寸；2 打开旧作品,旧成品文件不改变；生成信息保持生成时的素材与设置,通过,在B更换文字、增加图片/音频、修改帧率后打开旧视频，仍为3秒且可播放；生成信息仍为720×1280画布、360×640输出、24fps，保留原模板和原素材。,Codex,2026-10-07T11:08:01+08:00,LOCAL_DEV / LOCAL,0.13.0,2.22.0,,,,.runtime/creator-acceptance/20261007/old-work-source-unchanged.png,,,
WRK-006,11 生成作品和生成任务,作品库管理,P1,E1，图片和视频作品,1 搜索、分类、预览、改名、查看生成信息；2 本地下载,结果与当前项目一致；多图下载保持顺序且无文件覆盖,通过,作品搜索、分类、改名、预览和生成信息已覆盖；本次实际Chrome下载多图作品ZIP，4张按01~04序号，逐张与作品assetIds顺序及SHA一致，无覆盖。视频作品下载哈希与后台文件一致，ffprobe确认H264/AAC及有效3秒输出。,Codex,2026-10-07T15:08:04+08:00,LOCAL_DEV / LOCAL,0.13.0,2.22.0,,,,.runtime/creator-acceptance/20261007/work-download-facts.json,,,作品管理本身通过；该样机图片渲染保真异常另计QA-019。
WRK-007,11 生成作品和生成任务,作品回收站恢复,P0,E1，有成品及已关联发布任务,1 移入回收站；2 尝试新发布；3 恢复作品,回收站保留文件，阻止未恢复作品新发布；恢复后可用；原发布任务不丢失,通过,真实已发布三秒视频移入回收站后，发布历史全部5条及来源信息保留；新批量清单两条视频均提示来源不存在或回收中且阻止预览发布。回收站保留文件及预览/下载入口，恢复后原视频回到作品库、下一步入口恢复，原清单参数恢复可预览。,Codex,2026-10-07T21:33:02+08:00,LOCAL_DEV / LOCAL,0.13.0,2.22.0,,,,recycled-video-new-publish-blocked.png; published-work-restored.png; advanced-four-private-review.png,,,
WRK-008,11 生成作品和生成任务,作品库下一步,P0,E1，已保存成品,1 从作品库点击下一步；2 查看内容发布,显式进入内容发布，正确带入该成品文件、形式和名称,通过,从作品库明确点击下一步后进入内容发布，两页1080×1080按01/02顺序带入，标题为作品名称，图文形式正确。,Codex,2026-10-07T09:12:49+08:00,LOCAL_DEV / LOCAL,0.13.0,2.22.0,,,,,,,
JOB-001,11 生成作品和生成任务,生成状态与结果,P0,E1，视频输入已备好,1 发起生成；2 打开生成任务；3 完成后下载和保存结果,状态从准备到编码再到完成，只有成功任务提供可用结果，不假报完成,通过,三次性能测试留存PREPARING→QUEUED→RUNNING（读取素材/保存视频）→SUCCEEDED真实状态；本次混合视频210帧成功下载SHA一致，并保存作品generated-4a960965到发布内容，任务列表失败/取消项无下载或保存按钮。,Codex,2026-10-07T16:40:00+08:00,LOCAL_DEV / LOCAL,0.13.0,2.22.0,,,,performance-events.json; mixed-generation-facts.json; mixed-task-succeeded.png,QA-020,,下载命名修复已复测；RUNNING阶段主要为已准备画面后的读取/封装保存，不声称后台逐帧编码进度。
JOB-002,11 生成作品和生成任务,相同输入结果复用,P1,E1，已成功生成,1 不改内容再次生成；2 仅选中和移动预览视口再生成,复用相同输入的成品；选择、光标或视口不引起无意义重编码,通过,相同输入再次生成直接复用。此前仅改变时间轴缩放误编码（快照差异timelineZoom），修复后移除视图参数；浏览器重载后125%与156%缩放、切选中和光标2秒两次生成均复用任务ef276d98、attempt仍1、无新任务，直接进入预览；实际输出与组成变化仍改变快照，回归测试通过。,Codex,2026-10-07T12:16:00+08:00,LOCAL_DEV / LOCAL,0.13.0,2.22.0,,,,.runtime/creator-acceptance/20261007/reuse-snapshot-probe.json,QA-20261007-012,,已修复并复测通过
JOB-003,11 生成作品和生成任务,修改内容产生新结果,P0,E1，已成功生成,1 更改素材或实际输出参数；2 再次生成,不复用旧画面或旧规格，新结果反映真实修改,通过,D 项目真实修改帧率24/25/30/50/60、码率标准/高/自定义、尺寸288×512与360×640、元素几何、声音及剪辑后，均创建不同输入的生成结果；ffprobe及逐帧/音量检查对应实际规格和内容，未复用错误旧结果。,Codex,2026-10-07T12:13:38+08:00,LOCAL_DEV / LOCAL,0.13.0,2.22.0,,,,.runtime/creator-acceptance/20261007/video-frame-rate-probes.json；video-loop-split-probe.json,,,
JOB-004,11 生成作品和生成任务,取消生成,P1,E1，处于准备、排队或运行中的生成任务,1 分别在各阶段取消；2 等待终态；3 再次生成,取消状态明确，无未完成文件冒充成功；资源释放后可再生成,通过,实际在准备阶段取消并重新生成成功；另外使用真实 MySQL 隔离集成测试验证准备、排队取消均为 CANCELLED 且不被认领，编码中取消成为 CANCEL_REQUESTED，迟到成功上报仍落为 CANCELLED、输出为空。,Codex,2026-10-07T15:56:57+08:00,LOCAL_DEV / LOCAL,0.13.0,2.22.0,,,,.runtime/creator-acceptance/20261007/cancel-retry-facts.json；task-lifecycle-retest.log,,,浏览器实测准备阶段；排队和编码中的竞争以隔离后端集成测试覆盖。
JOB-005,11 生成作品和生成任务,页面关闭与后台编码,P0,E1，输入包已提交并开始本地编码,1 关闭页面；2 待任务完成后重开；3 下载或保存结果,后台编码结果可恢复；若在画面准备阶段关闭，应提示中断而不是声称继续生成,通过,实际在本地编码 RUNNING 时关闭页面，后台完成并可重开下载 1080×1920、30fps、5秒150帧视频。另在准备画面 PREPARING 时立即关闭发现任务挂住；已修复 pagehide 的 keepalive 中断上报，复测任务明确失败并提示重新打开工程生成；同一冻结输入重新生成新任务成功。,Codex,2026-10-07T15:53:39+08:00,LOCAL_DEV / LOCAL,0.13.0,2.22.0,,,,.runtime/creator-acceptance/20261007/closed-page-job-restored.png；preparing-page-closed-fixed.png；preparing-retry-completed.png；preparation-recovery-facts.json,QA-021,,已修复复测通过。浏览器进程崩溃及网络同时中断未在此用例覆盖。
JOB-006,11 生成作品和生成任务,失败或中断重试,P0,E1，R1，隔离测试任务已有输入包,1 制造编码失败或重启中断；2 恢复服务；3 从生成任务重试,显示失败阶段和原因；重试使用保存的输入，不产生错项目结果,通过,真实浏览器生成后，在本地编码阶段注入FFmpeg进程失败：任务显示失败阶段及原因，并保留输入包。移除故障后从生成任务面板点击重试，原任务86d9da6e成功，attempt由1变2，项目ID、输入hash和payloadMediaId均不变；未创建新任务或错项目结果。另有过期处理器租约恢复隔离集成验证。,Codex,2026-10-07T23:13:51+08:00,LOCAL_DEV / LOCAL,0.13.0,2.22.0,,,,encoding-failure-panel.png; encoding-retry-success-panel.png; encoding-failure-before-retry.json; encoding-failure-after-retry.json,,,本次实际覆盖编码失败恢复；故障适配器和临时服务仅在忽略的运行时目录。
PUB-001,12 壁纸资料和正式资源上传,读取后台能力与分类,P0,E2，T1,1 打开创建壁纸；2 对照环境、分类和支持能力,使用当前后台规则，一级二级分类有效；不可用能力明确提示，不按旧硬编码继续,通过,创建壁纸显示LOCAL_DEV，读取当前2.22.0后台规则并自动显示实际五种资源能力；后台新增分类B后，重新打开即提供新一级分类而非旧硬编码。UNCONFIGURED环境或wallpaperPublication=false的实际客户端模块拒绝打开并明确提示。,Codex,2026-10-07T12:58:50+08:00,LOCAL_DEV / LOCAL,0.13.0,2.22.0,,,,current-wallpaper-capabilities.json; 后台新分类B与创建壁纸下拉; wallpaper-publication.test.cjs 7/7,,,
PUB-002,12 壁纸资料和正式资源上传,基础资料校验,P1,E2,1 分别留空名称、slug、版权、分类；2 输入非法 slug 和排序值,表单拦截并定位问题；越过前端也被 API 拒绝，不产生错误壁纸,通过,前端拦截空名称/标识/版权/分类、非法slug和负排序并定位输入；修复后台小数截断后，在新API ba6ebae 实测12组非法字段全部400 VALIDATION_FAILED，包括排序、精选排序、版本号与积分小数。上架任务计数8→8，无错误商品新增。,Codex,2026-10-07T12:53:02+08:00,LOCAL_DEV / LOCAL,0.13.0,2.22.0,,,,wallpaper-validation-rejected.png; publication-api-probes.json; publication-validation-tests.log 18/18,QA-20261007-014,,修复后复测通过；旧接口曾创建的专用验收商品2保留为缺陷证据。
PUB-003,12 壁纸资料和正式资源上传,分类联动和排序,P1,E2，两组分类,1 选择二级分类；2 切换一级；3 填写排序和精选排序后提交,不保留不属于当前一级的二级分类；后台对应字段准确,通过,从一级1/二级2切到一级3时二级值及选项清空；恢复合法一级1/二级2，排序456/精选321上架后持久保存，管理记录类别仍正确。,Codex,2026-10-07T12:58:50+08:00,LOCAL_DEV / LOCAL,0.13.0,2.22.0,,,,metadata-update-facts.json; wallpaper-metadata-step1-saved.png,,,
PUB-004,12 壁纸资料和正式资源上传,免费兑换与水印,P0,E2，M01,1 切免费与需要兑换；2 设置预览水印；3 提交并核对后台,获取方式与水印值正确保存；兑换默认水印规则和手工修改可区分,通过,切需要兑换默认开启水印；手工关闭后任务11保存REDEEM/watermark=false；切免费后手工开启，任务12保存FREE/watermark=true，重新读取仍保留手工值。,Codex,2026-10-07T12:58:50+08:00,LOCAL_DEV / LOCAL,0.13.0,2.22.0,,,,metadata-update-facts.json; wallpaper-metadata-step1-saved.png; wallpaper-metadata-step2-saved.png,,,
PUB-005,12 壁纸资料和正式资源上传,仅线下推广,P0,E2，测试壁纸,1 开启仅线下推广并提交；2 查看后台；3 从已有测试客户端或 API 核对展示策略,标志保留，仅按线下 Android 对应策略展示；不误向线上 iOS、鸿蒙和 Android 展示,通过,创作台两次更新后 offlinePromotionOnly=true，商品1 v23与任务11/12保持一致。隔离真实MySQL策略测试6/6通过：线下Android可见；线上Android、iOS及其他平台、匿名封面、旧预览/下载票据与兑换入口均按实时渠道标志限制。,Codex,2026-10-07T13:07:04+08:00,LOCAL_DEV / LOCAL,0.13.0,2.22.0,,,,metadata-update-facts.json；offline-channel-tests-retry.log,,,首次测试数据库启动失败，清理后单独重跑成功；未计为产品失败。
PUB-006,12 壁纸资料和正式资源上传,封面必填,P0,E2，无缩略图,1 尝试提交；2 去静态页选择缩略图；3 返回提交,无封面阻止；选择后带入有效列表封面，4D ZIP 不被自动当作封面,通过,仅安卓视频且无封面时填写合法资料点击提交，明确提示先选择列表封面，无本项目上架任务；去选择封面后勾选静态缩略图，重新打开表单带入列表封面，实际提交成功壁纸3。4D源ZIP不提供封面由前序4D与后端必填验证。,Codex,2026-10-07T15:33:21+08:00,LOCAL_DEV / LOCAL,0.13.0,2.22.0,,,,.runtime/creator-acceptance/20261007/missing-cover-blocked.png; android-only-published.png; android-only-result.json,,,
PUB-007,12 壁纸资料和正式资源上传,资源能力自动识别,P0,E2，分别加入静态、Android、iOS、鸿蒙、4D 资源,1 检查创建壁纸能力卡；2 查看请求和后台资源,自动对应实际带入资源；不要求人工勾选不具备的能力，不错误标记缺失资源,通过,实际提交建立5类正式资源：后台 ID1/v6 明确显示Android4D、Android动态、iOS实况、鸿蒙动态、全平台静态；每类对应已带入素材，未要求手工勾选。上架被独立时长校验拦截，不将上传成功误当上架成功。,Codex,2026-10-07T09:38:00+08:00,LOCAL_DEV / LOCAL,0.13.0,2.22.0,,,,后台编辑资源详情；creator产品1任务2,,,上架失败另记视频时长元数据缺陷；本用例仅验证能力与资源对应关系。
PUB-008,12 壁纸资料和正式资源上传,保存壁纸后台草稿,P1,E2，资料和封面合法,1 点击保存草稿；2 等任务完成；3 管理后台查看,保存壁纸资料和封面，状态为草稿；不称为社交草稿，不伪报已上架,通过,修复后重跑：创作台显示壁纸草稿已保存到后台；管理后台出现 ID1/v0，草稿、0/0资源、免费、正确一级二级分类和封面。未误报上架。,Codex,2026-10-07T09:31:37+08:00,LOCAL_DEV / LOCAL,0.13.0,2.22.0,,,,wallpaper-draft-fixed.png；后台列表09:31；fix48506fd,QA-20261007-001（已修复并浏览器复测）,,首次失败因后台转换WebP；保留原上传幂等键重试成功，未重复壁纸。LOCAL_DEV 5176->8080 / MySQL3307 / Redis6380。
PUB-009,12 壁纸资料和正式资源上传,无正式资源不能上架,P0,E2，仅有资料与封面,1 点击提交上架；2 核对列表和任务,至少一种正式资源才可上架；校验失败不显示已上架,通过,对只有资料和封面的草稿在管理后台点击发布，实际API拒绝并显示“这张壁纸还没有可发布的资源版本”；壁纸保持草稿。,Codex,2026-10-07T09:38:00+08:00,LOCAL_DEV / LOCAL,0.13.0,2.22.0,,,,实际浏览器alert；商品ID1/v0,QA-20261007-003（空资源可发布提示已修复）,,联动等价路径使用后台发布按钮；修复后0/0显示需要补充资源，后台构建通过。
RES-001,12 壁纸资料和正式资源上传,静态原图交付,P0,E2，已保存 M01 裁剪资源,1 选择正式静态原图；2 上架；3 后台检查 UNIVERSAL / STATIC_IMAGE 并读正式文件,原图尺寸和内容正确，列表封面与正式原图区分，未降为封面尺寸,通过,壁纸1已发布v19：UNIVERSAL/STATIC_IMAGE版本6正式PNG资产59，1968×2184；正式文件SHA256与创作输出原图完全一致，封面为独立WebP，不替代原图。,Codex,2026-10-07T11:56:28+08:00,LOCAL_DEV / LOCAL,0.13.0,2.22.0,,,,,,,
RES-002,12 壁纸资料和正式资源上传,Android 视频交付,P0,E2，M03 剪辑符合当前规则,1 上架；2 后台检查 ANDROID / VIDEO；3 下载源文件对照剪辑,正式视频反映源入点、速度和构图；预览转码不取代正式源,通过,壁纸1 Android/VIDEO已发布版本16资产68：1080×1920、30fps、120帧、4秒，duration_ms=4000，SHA256与创作任务81352c8e输出相同。剪辑源0..8秒、速度2、缩放2；抽查成片0/1/3秒对应源0/2/6秒，同构图像素平均RGB误差<0.05/255，反映正确速度和构图。,Codex,2026-10-07T11:58:09+08:00,LOCAL_DEV / LOCAL,0.13.0,2.22.0,,,,.runtime/creator-acceptance/20261007/android-source-1-actual.png,,,复测先前视频时长元数据缺失缺陷通过；正式文件从本地存储读取比较，不计入浏览器下载用例。
RES-003,12 壁纸资料和正式资源上传,iOS 原始 MP4 交付,P0,E2，符合当前 iOS 源规则的 MP4,1 上架；2 检查 IOS / LIVE_PHOTO 正式源角色；3 读取正式文件和预览,正式交付为原始 MP4；预览 60 帧、60 fps、约 1 秒与正式源分开；后台旧提示不得导致上传错格式,通过,壁纸1：IOS/LIVE_PHOTO版本9绑定LIVE_PHOTO_SOURCE资产62为1080×1920、30fps、120帧、4秒原始MP4，与创作输出SHA256一致；独立预览HEIC+MOV为60fps、60帧、1秒；后台显示原始视频入口，未误传MOV。,Codex,2026-10-07T11:56:28+08:00,LOCAL_DEV / LOCAL,0.13.0,2.22.0,,,,,,,
RES-004,12 壁纸资料和正式资源上传,鸿蒙动态源交付,P0,E2，符合当前规则且至少 2 秒的 MP4,1 上架；2 检查 HARMONYOS / MOVING_PHOTO；3 核对源与预览,正式源保留，预览按后台规则截取并生成 JPEG 首帧，不误覆盖源文件,通过,壁纸1：HARMONYOS/MOVING_PHOTO版本8绑定源MP4资产61为1080×1920、30fps、60帧、2秒，与创作输出SHA256完全一致；独立预览MP4和JPEG首帧均READY，未覆盖原始源。,Codex,2026-10-07T11:56:28+08:00,LOCAL_DEV / LOCAL,0.13.0,2.22.0,,,,,,,
RES-005,12 壁纸资料和正式资源上传,4D 完整源包交付,P0,E2，M06，另有列表封面,1 上架；2 后台检查 ANDROID / LAYER_PARALLAX；3 读取源包,源包解析通过，图层数及路径正确，正式文件完整；列表封面独立,通过,壁纸1 Android/LAYER_PARALLAX版本10关联源包1，ZIP为768×1024、config格式2、两层layers/01.png前景与02.png背景；ZIP testzip通过，源文件与M06验收包SHA256完全一致。数据库绑定配置和双图层齐全，列表封面独立。,Codex,2026-10-07T11:56:48+08:00,LOCAL_DEV / LOCAL,0.13.0,2.22.0,,,,,,,
RES-006,12 壁纸资料和正式资源上传,同商品多平台资源,P0,E2，五类合法资源,1 在同项目带入所有资源；2 提交；3 核对壁纸和版本,对应同一个壁纸商品，平台资源类型唯一正确，不拆成多个商品,通过,同项目五种资源发布到商品1：UNIVERSAL/STATIC_IMAGE、ANDROID/VIDEO、HARMONYOS/MOVING_PHOTO、IOS/LIVE_PHOTO、ANDROID/LAYER_PARALLAX，类型唯一，各当前正式资源版本均PUBLISHED；后台只有一个验收商品。,Codex,2026-10-07T10:12:03+08:00,LOCAL_DEV / LOCAL,0.13.0,2.22.0,9cd5adee-4115-4c45-b919-9f6f9cc67235,1,3,publication-final-facts.json；wallpaper-published.png,,通过,源文件内容与下载比对仍在RES-001至005分别验收，不因本例通过而标记它们通过。
RES-007,12 壁纸资料和正式资源上传,格式大小时长边界,P0,E2，M09，R1,1 根据 capabilities 逐项准备合法边界和越界值；2 上传各文件并提交,合法边界可用；越界格式、大小、帧数、时长和分辨率明确拒绝，不接受改扩展名伪装,部分通过,完整字节流通过2/20/32/50/100/200MiB、2GiB上限/+1字节及清理；真实FFmpeg媒体边界覆盖Android240/241fps、4096/4098px、30s/超1帧，鸿蒙60/61fps、4096/4098px、2秒/少1帧，iOS精确60帧及不足/超帧裁取。4D真实ZIP覆盖2/3/12层、1/13层拒绝，64KiB配置/+1字节、4096px/+1px、错误PNG及CRC/路径攻击。存储14、上传服务10、媒体20、4D23项通过；本机完整实况打包依赖缺失1项跳过。,Codex,2026-10-07T23:34:03+08:00,LOCAL_DEV / LOCAL,0.13.0,2.22.0,,,,resource-boundaries-final.log; native-media-boundaries.log; parallax-boundaries.log,,,真实文件服务/解码验证；完整实况打包本机依赖项跳过，浏览器各边界上传仍未全部覆盖，不记全通过。
RES-008,12 壁纸资料和正式资源上传,上传幂等与内容冲突,P0,E2，R1，同名不同内容,1 用相同幂等键重试同一文件；2 同键换内容；3 核对资产,同文件返回原资产；不同内容拒绝冲突，不能错误复用同名文件,通过,隔离MySQL+真实本地存储测试：同请求键、同内容上传返回同一assetId且created=false；同键不同内容返回IDEMPOTENCY_CONFLICT，不覆盖原文件；常规同名文件分配不同存储键。,Codex,2026-10-07T15:01:36+08:00,LOCAL_DEV / LOCAL,0.13.0,2.22.0,,,,.runtime/creator-acceptance/20261007/wallpaper-contract-retest.log,,,CreatorPublicationIntegrationIT+AssetUploadServiceTest；本轮20单元+10集成全通过。
RES-009,12 壁纸资料和正式资源上传,未就绪或失效资产,P0,E2，R1,1 模拟上传返回非 READY 或已失效资产；2 提交壁纸,停止提交并解释，无错误正式资源引用或假成功,通过,隔离MySQL测试：封面和正式资源分别处于UPLOADING、VALIDATING、REJECTED或已删除时，ASSET_NOT_READY且无排队记录残留；排队后源素材被拒绝时任务NEEDS_INPUT、wallpaperId为空，没有创建商品或调用发布包。,Codex,2026-10-07T15:01:36+08:00,LOCAL_DEV / LOCAL,0.13.0,2.22.0,,,,.runtime/creator-acceptance/20261007/wallpaper-contract-retest.log,,,真实数据库行为验证，未伪造live业务素材。
REC-001,13 上架任务恢复与后台并行操作,上架主流程,P0,E2，资料封面和正式资源完整,1 提交上架；2 观察资料、资源、处理和完成阶段；3 查看后台,任务成功、壁纸 PUBLISHED、正式资源版本已发布三者一致,通过,复测成功：创作台原壁纸1任务3显示“已上架”；后台商品1为已发布v8，五类正式资源版本6/7/8/9/10均PUBLISHED。只读事实核对：任务3 SUCCEEDED/COMPLETED，wallpaper_version=8，error_code为空；没有新建重复商品。,Codex,2026-10-07T10:12:03+08:00,LOCAL_DEV / LOCAL,0.13.0,2.22.0,9cd5adee-4115-4c45-b919-9f6f9cc67235,1,3,.runtime/creator-acceptance/20261007/wallpaper-published.png；publication-final-facts.json,QA-20261007-008,通过,历次原生媒体依赖问题已修复；仅本地验收环境，上架不代表手机安装验收通过。
REC-002,13 上架任务恢复与后台并行操作,连点不重复上架,P0,E2，合法待提交壁纸,1 快速重复点击提交；2 待完成后核对商品和资源版本,提交处理中禁用重复操作；仅创建一份业务结果，不多建商品或重复版本,通过,实际本地测试壁纸表单双击提交，处理中两提交按钮禁用；最终本项目只有1个publication任务、1个壁纸商品、1个资源版本，状态PUBLISHED；既有服务层重复同请求集成测试通过。,Codex,2026-10-07T15:33:21+08:00,LOCAL_DEV / LOCAL,0.13.0,2.22.0,,,,.runtime/creator-acceptance/20261007/android-only-result.json; android-only-published.png; wallpaper-contract-retest.log,,,
REC-003,13 上架任务恢复与后台并行操作,响应丢失恢复,P0,E2，R1,1 使服务收到提交但浏览器丢失响应；2 刷新并重新打开；3 恢复提交,通过原请求和项目关联找到原任务，不新建重复壁纸,通过,真实浏览器提交由后台接受202后故意断开回包，界面保留恢复提交；刷新重新打开显示原壁纸1/任务14，恢复原幂等请求后已上架。只产生一次新任务，商品总数仍为3，任务14的5种资源与iOS配置保留。,Codex,2026-10-07T23:29:53+08:00,LOCAL_DEV / LOCAL,0.13.0,2.22.0,,,,response-loss-before-recovery.png; response-loss-recovered.png; accepted-response-lost.json; response-loss-recovered-facts.json,,,本地环回代理仅注入一次回包丢失，认证和原请求完整转发；未向生产提交。
REC-004,13 上架任务恢复与后台并行操作,关闭弹窗仍继续,P0,E2，上架任务已接受,1 关闭创建壁纸弹窗；2 重新打开或刷新；3 核对状态,关闭不取消后台任务，重新打开看到原任务和商品关联,通过,任务3恢复后关闭弹窗再打开，商品仍为1、任务仍为3，后台继续保存正式资源，随后给出真实处理错误；关闭未取消任务，也未创建新商品。,Codex,2026-10-07T09:47:49+08:00,LOCAL_DEV / LOCAL,0.13.0,2.22.0,,,,浏览器任务3连续操作,,,仍需修复后续媒体参数错误；本用例只验收关闭与重开。
REC-005,13 上架任务恢复与后台并行操作,服务重启恢复上架,P0,E2，R1，隔离环境处理中的任务,1 在明确阶段重启本地 API；2 重新连接查看任务,已完成步骤和身份保留，继续原任务，不重复业务步骤或丢商品关联,通过,真实LOCAL_DEV API在任务16的RESOURCE_1阶段被强制KILL并重新启动；原商品1、任务16及WALLPAPER/IOS_CONFIGURATION/RESOURCE_0等已完成检查点保留。启动后自动attempt2成功上架，仅新增Android资源23，无重复资源版本；浏览器先显示后台无法连接，恢复后显示已上架。,Codex,2026-10-07T23:35:48+08:00,LOCAL_DEV / LOCAL,0.13.0,2.22.0,,,,restart-checkpoint-captured.json; restart-checkpoint-before.json; restart-checkpoint-after.json; publication-api-restarting.png; publication-restart-recovered.png,,,通过65秒受控Android变体行锁捕获真实处理中检查点，锁已释放；未改任务状态或业务数据，不涉及生产。
REC-006,13 上架任务恢复与后台并行操作,可重试处理失败,P0,E2，R1，处理阶段临时失败,1 查看错误；2 修复依赖；3 点击继续原任务,只对允许重试的失败继续，保留原任务与已创建资源，最终结果准确,通过,从任务3明确可重试的处理失败继续原任务；修复本地签名、FFprobe及ExifTool/GPAC兼容后，第5次尝试成功。原壁纸1、任务3和资源版本6至10保留，未创建新的资源版本或商品。,Codex,2026-10-07T10:12:03+08:00,LOCAL_DEV / LOCAL,0.13.0,2.22.0,9cd5adee-4115-4c45-b919-9f6f9cc67235,1,3,publication-final-facts.json；native-smoke/smoke.log,QA-20261007-006；QA-20261007-007；QA-20261007-008,通过,这里只验证可重试依赖处理失败；外部资料修改冲突另例待测。
REC-007,13 上架任务恢复与后台并行操作,需要调整输入,P0,E2，规则不合法或缺少资源,1 提交并读取 NEEDS_INPUT；2 重新读取资料；3 修正后提交,明确要求用户处理，不能用盲目重试跳过校验,通过,任务4收到NEEDS_INPUT/VERSION_CONFLICT后无继续原任务入口；点击重新读取资料确认当前v11，修改后以新任务5提交并成功，不能用旧任务盲目重试跳过校验。,Codex,2026-10-07T10:46:12+08:00,LOCAL_DEV / LOCAL,0.13.0,2.22.0,,,,.runtime/creator-acceptance/20261007/stale-retry-stopped.png,,,
REC-008,13 上架任务恢复与后台并行操作,预览失败不伪报上架失败,P0,E2，R1，正式资源已发布但预览处理失败,1 查看创作台；2 后台重试预览；3 再刷新,显示已上架但预览失败；正式商品和交付不被撤销，预览恢复后状态更新,通过,真实需兑换水印预览因FFmpeg4.4不识别fps_mode失败，创作台准确显示“已上架，预览生成失败”。修复兼容性并补后台重试入口后，点击重试产生rev13 READY，后台显示已就绪；创作台刷新恢复已上架，壁纸/原发布任务身份及正式资源均未改变。,Codex,2026-10-07T16:21:34+08:00,LOCAL_DEV / LOCAL,0.13.0,2.22.0,,,,.runtime/creator-acceptance/20261007/preview-failure-readback.png; preview-retry-ready.png; watermark-retry-facts.json,QA-022,,后台刷新预览已验证保留未保存标题；FFmpeg4.4与9.0.2各8个真实媒体测试通过。
REC-009,13 上架任务恢复与后台并行操作,已上架更新原商品,P0,E2，已上架测试壁纸,1 修改资料或一个平台资源；2 点击提交上架更新；3 核对 ID 和版本,保持原商品 ID，资源版本正确增加，未替换的平台正式版本保留,通过,任务5仅改资料复用五类正式版本6～10；随后只将Android源出点10改8秒、速度2×，任务7 SUCCEEDED，同商品1重新上架；仅Android新增版本16、原7退役，静态6、鸿蒙8、iOS9、4D10保持PUBLISHED。,Codex,2026-10-07T10:46:12+08:00,LOCAL_DEV / LOCAL,0.13.0,2.22.0,,,,.runtime/creator-acceptance/20261007/android-resource-update.png,,,8cc14a1；真实MySQL补充测试同样验证更换asset创建新版本、仅改资料保留原资源包。
ADM-001,13 上架任务恢复与后台并行操作,后台资料与创作台一致,P0,E2，刚由创作台上架的壁纸,1 后台逐项核对名称、slug、版权、分类、排序、精选、封面和获取方式,请求中的合法资料准确呈现；记录商品 ID 和版本供后续核对,通过,后台核对名称、分类、排序123、精选关闭、免费、封面及iOS2积分/首免开关。只读事实核对slug qa-20261007-five-resources及合成素材版权说明。发现编辑页误读历史READY失败版本，已修复与元数据发布路径共用正式版本选择；重新保存并发布wallpaper1 v19，五个正式版本6/8/9/10/16保留，未新增版本。,Codex,2026-10-07T11:24:29+08:00,LOCAL_DEV / LOCAL,0.13.0,2.22.0,,,,.runtime/creator-acceptance/20261007/admin-current-resources-published.png,编辑页与再次发布误选历史版本已修复,,Slug和版权在只读后台事实中核对；编辑页未提供这两项可视字段。
ADM-002,13 上架任务恢复与后台并行操作,后台修改触发冲突保护,P0,E2，创作台仍打开旧资料,1 后台修改名称或资源并保存；2 创作台提交旧表单,提示版本冲突，不覆盖后台的新版本；重新读取后再允许确认更新,通过,后台将商品1名称修改为“验收20261007后台并行修改”，版本8→9；创作台旧表单提交明确提示其他页面已修改，未覆盖后台新名称。重新读取后得到后台名称及版本，修改确认后创建原商品的更新任务4；后续转码超时与本例冲突保护分开记录。,Codex,2026-10-07T10:26:27+08:00,LOCAL_DEV / LOCAL,0.13.0,2.22.0,,,,admin-concurrent-conflict.png,,,重读后允许提交的正向流程已实际执行；无需为版本冲突重新建商品。
ADM-003,13 上架任务恢复与后台并行操作,失败恢复期间外部修改,P0,E2，R1，原任务已有部分成功步骤,1 暂停于可重试失败；2 后台编辑壁纸；3 重试旧任务,检测外部版本变化并停止，不继续写入旧资料覆盖新编辑,通过,原任务4失败后后台将商品改为v11；修复后第3次重试在WALLPAPER阶段立即转NEEDS_INPUT/VERSION_CONFLICT，未进入PREPARE；后台新名称、版本11和PUBLISHED保留。,Codex,2026-10-07T10:40:52+08:00,LOCAL_DEV / LOCAL,0.13.0,2.22.0,,,,.runtime/creator-acceptance/20261007/stale-retry-stopped.png,,,已部署8cc14a1；真实MySQL测试同时验证原资源准备调用未执行。
ADM-004,13 上架任务恢复与后台并行操作,后台下架同步,P0,E2，测试壁纸已上架,1 后台下架；2 创作台重新读取；3 查看状态及可操作项,显示当前已下架，不仍声称在架；原资源历史和关联保留,通过,管理后台下架商品1后，创作台重新打开编辑弹窗显示“后台壁纸当前已下架”，关联仍为商品1、任务5；五类正式版本6～10仍保留。,Codex,2026-10-07T10:44:07+08:00,LOCAL_DEV / LOCAL,0.13.0,2.22.0,,,,.runtime/creator-acceptance/20261007/offline-metadata-saved.png,,,
ADM-005,13 上架任务恢复与后台并行操作,已下架保存资料,P1,E2，测试壁纸已下架,1 创作台更新资料并保存草稿；2 查看后台,资料可保存，壁纸仍保持下架，不意外重新公开,通过,创作台修改已下架商品名称并保存资料，任务6 SUCCEEDED，商品1 v15/OFFLINE；界面明确“资料已保存，壁纸保持下架状态”，未重新公开。,Codex,2026-10-07T10:44:07+08:00,LOCAL_DEV / LOCAL,0.13.0,2.22.0,,,,.runtime/creator-acceptance/20261007/offline-metadata-saved.png,,,
ADM-006,13 上架任务恢复与后台并行操作,已上架不能退为草稿,P0,E2，已上架壁纸,1 查看保存草稿按钮；2 用旧页面尝试草稿操作,已上架资料通过上架更新保存；不能静默变为草稿,通过,已上架商品1的保存草稿按钮禁用；以旧页面等价的管理API请求尝试 SAVE_DRAFT，得到409 STATE_CONFLICT，任务数量不增加、原商品状态仍PUBLISHED。,Codex,2026-10-07T12:53:02+08:00,LOCAL_DEV / LOCAL,0.13.0,2.22.0,,,,publication-api-probes.json; 编辑壁纸表单保存草稿禁用,,,
ADM-007,13 上架任务恢复与后台并行操作,归档与删除后再读取,P0,E2，只使用可处理的测试壁纸,1 后台按合法状态归档或删除测试草稿；2 创作台重新读取并尝试更新,显示归档或不存在，拒绝非法复活；不偷偷创建同名替代商品,阻塞,跳过真实归档/删除测试：当前三个验收商品没有已验证的正常恢复入口；永久删除需要用户在操作时确认，用户离开期间按指示不执行。已有并行修改、下架、保持下架更新均完成。,Codex,2026-10-07T16:42:36+08:00,LOCAL_DEV / LOCAL,0.13.0,2.22.0,,,,,,,未删除已上架验收商品；待用户返回确认可销毁的独立商品后再测。
ADM-008,13 上架任务恢复与后台并行操作,检查资源和后台提示一致,P1,E2，有正式资源商品,1 创作台点击检查资源；2 后台资源检查；3 对照类型和失败原因,检查同一商品和当前版本；iOS 源 MP4、预览和价格模式的旧提示若与 API 不符，记录缺陷,通过,创作台检查资源显示“资源可以上架”；后台商品1已发布5/5就绪，iOS原始源为MP4、派生HEIC/MOV READY（1000ms/60fps），鸿蒙视频/JPEG READY（2000ms/30fps）。iOS购买方式正确显示下载积分、2元/2积分，旧非消耗型模式和MOV源提示已修复。,Codex,2026-10-07T10:12:03+08:00,LOCAL_DEV / LOCAL,0.13.0,2.22.0,9cd5adee-4115-4c45-b919-9f6f9cc67235,1,3,admin-ios-credits-fixed.png；wallpaper-published.png,QA-20261007-004,通过,发布前列表就绪提示的派生状态覆盖度另行核对；本例为已发布当前版本一致性。
ADM-009,13 上架任务恢复与后台并行操作,预览水印不污染正式文件,P0,E2，静态、视频和 4D 测试壁纸,1 开启水印并上架；2 查看预览；3 比较正式源文件,水印只作用于预览；4D 按规则处理最前层；正式文件保持无新增预览水印,通过,需兑换水印预览曾因FFmpeg4.4不支持fps_mode失败，修复并在后台点击重试恢复rev13 READY。共7项正式源SHA不变，2个原生视频预览与3个当前加密预览包更新；恢复FREE后READY rev14，5/5正式资源仍发布。,Codex,2026-10-07T16:31:46+08:00,LOCAL_DEV / LOCAL,0.13.0,2.22.0,,,,.runtime/creator-acceptance/20261007/watermark-retry-facts.json; preview-retry-ready.png; preview-recovery-integration.log; watermark-ffmpeg4-retest.log; watermark-compatibility-retest.log,QA-022,,FFmpeg4.4/9各8项媒体测试通过；3项水印策略测试和7项隔离MySQL预览恢复集成测试实际通过、零跳过。
IOS-001,14 iOS 获取配置联动,积分售价保存,P0,E2，带 iOS 正式源,1 选择积分获取；2 设置 3 元后上架；3 核对后台或管理 API,acquisitionMode 为 CREDITS，credits 为 3；名称、首免和购买开关正确保存,通过,现有验收商品设CREDITS/3元后任务11完成；实际后台credits=3、firstFreeEligible=true、enabled=false与输入一致，名称及5个正式资源版本保留。,Codex,2026-10-07T12:58:50+08:00,LOCAL_DEV / LOCAL,0.13.0,2.22.0,,,,metadata-update-facts.json; wallpaper-metadata-step1-saved.png,,,
IOS-002,14 iOS 获取配置联动,售价档位边界,P1,E2，带 iOS 资源,1 测试 1、10、12、30；2 测试 0、11、31 和小数；3 使用加减按钮,支持档位准确，非法值拒绝，不向上取整成其他价格,通过,浏览器测试 1、10、12、30 元分别显示正确积分组合；0、11、31、3.5 拦截提交。发现按钮曾从10加到不支持的11，已改为只在合法档位移动，刷新后10→12→10复测通过；价格规则和按钮测试5/5。,Codex,2026-10-07T12:42:45+08:00,LOCAL_DEV / LOCAL,0.13.0,2.22.0,,,,ios-price-supported-step.png; ios-pricing.test.cjs,QA-20261007-015,,修复后复测通过。
IOS-003,14 iOS 获取配置联动,首免资格与启用开关,P0,E2，测试 iOS 商品,1 分别开关首次免费和启用购买；2 保存更新；3 重新读取,两个字段独立持久保存；刷新不擅自重新开启已禁用商品,通过,先保存购买关闭/首免开启，再保存购买开启/首免关闭；两次任务11/12均成功，数据库当前credits3/enabled1/firstFreeEligible0，重新读取未擅自打开首免或改变购买开关。,Codex,2026-10-07T12:58:50+08:00,LOCAL_DEV / LOCAL,0.13.0,2.22.0,,,,metadata-update-facts.json; wallpaper-metadata-step1-saved.png; wallpaper-metadata-step2-saved.png,,,
IOS-004,14 iOS 获取配置联动,旧商品配置保留,P0,E2，有隔离测试的旧非消耗型商品,1 读取旧 Product ID；2 修改其他资料；3 保存,旧 ID 及锁定规则保持，不因重读表单破坏原交易恢复配置,未执行,新增隔离MySQL集成回归：建立已验证交易锁定的旧非消耗型映射，经创作提交仅改资料后Product ID/锁定/首免均保留；再显式改为CREDITS3积分、关闭首免，旧映射及verified_transaction_at仍保留供恢复。Apple接口未被调用。旧配置浏览器回显未在真实测试商品验证。,Codex,2026-10-07T15:07:26+08:00,LOCAL_DEV / LOCAL,0.13.0,2.22.0,,,,.runtime/creator-acceptance/20261007/ios-legacy-creator-retest.log,,,后台迁移/保留逻辑通过，旧商品前端回显步骤未覆盖。
IOS-005,14 iOS 获取配置联动,旧配置切换积分,P0,E2，隔离测试旧商品,1 明确切为 CREDITS；2 设置合法档位并保存；3 核对字段,新获取按积分配置，后端兼容旧交易；不在此用例触发 Apple 真实支付,未执行,新增隔离MySQL集成回归：建立已验证交易锁定的旧非消耗型映射，经创作提交仅改资料后Product ID/锁定/首免均保留；再显式改为CREDITS3积分、关闭首免，旧映射及verified_transaction_at仍保留供恢复。Apple接口未被调用。旧配置浏览器回显未在真实测试商品验证。,Codex,2026-10-07T15:07:26+08:00,LOCAL_DEV / LOCAL,0.13.0,2.22.0,,,,.runtime/creator-acceptance/20261007/ios-legacy-creator-retest.log,,,后台迁移/保留逻辑通过，旧商品前端回显步骤未覆盖。
IOS-006,14 iOS 获取配置联动,无 iOS 资源的资料编辑,P1,E2，仅静态或 Android 资源,1 创建或更新商品；2 查看 iOS 区域和请求,不凭空建立 iOS 能力；已有配置仅按后台规则保留，不自动生成错误商品,通过,本项目仅安卓视频，未选iOS资源；表单不展示iOS获取方式，提交请求iosAcquisition=null；上架壁纸3后MySQL仅1个安卓variant及1版本，ios_product_mapping和ios_wallpaper_credit_price均0条。重新读取未自动新增iOS。,Codex,2026-10-07T15:33:21+08:00,LOCAL_DEV / LOCAL,0.13.0,2.22.0,,,,.runtime/creator-acceptance/20261007/no-ios-after.json; android-only-result.json; android-only-published.png,,,
SEC-001,15 后台接口认证和文件安全,知道地址不能上传,P0,E0，R1,1 无管理会话请求创作正式上传和上架接口；2 请求项目及任务数据,返回认证失败，不创建文件、项目或壁纸；不是仅凭接口地址就能上传,通过,本地桥接无CREATOR_DATA_SESSION：上传/上架/项目记录/任务均401；正式API无管理会话：有效multipart图片上传、上架POST、项目GET、任务GET均401 UNAUTHORIZED。接口地址不能代替登录；登录UI的合法上传与上架此前通过。,Codex,2026-10-07T12:01:50+08:00,LOCAL_DEV / LOCAL,0.13.0,2.22.0,,,,,,,
SEC-002,15 后台接口认证和文件安全,写请求 CSRF 校验,P0,E1，R1,1 在 API 测试客户端保留管理会话；2 缺失或伪造 CSRF 发写请求,返回校验失败，无业务写入；合法页面请求正常,通过,独立临时管理会话保留合法Cookie：上架POST缺失与伪造X-CSRF-Token均403 CSRF_INVALID；合法CSRF请求进入规则/环境校验并返回对应409；未创建上架任务，临时会话测试后204撤销，不影响浏览器登录。,Codex,2026-10-07T12:04:03+08:00,LOCAL_DEV / LOCAL,0.13.0,2.22.0,,,,.runtime/creator-acceptance/20261007/security-api-probes.json,,,
SEC-003,15 后台接口认证和文件安全,外站调用本地桥接,P0,E0，R1,1 错误 Origin、Host 或缺少指定请求头调用本地写接口,返回拒绝，不能从外部页面借本地管理员会话上传或发布,通过,运行中的8176本地壁纸上架写入口：错误Origin=example.com返回403请求来源不正确；错误Host返回403；缺少X-Creator-Request返回403；源码确认三项在会话和请求体处理前校验。合法创作台同源操作此前通过。,Codex,2026-10-07T12:01:50+08:00,LOCAL_DEV / LOCAL,0.13.0,2.22.0,,,,,,,
SEC-004,15 后台接口认证和文件安全,Cookie 和凭据不泄露,P0,E1，A1，R1,1 检查响应、网页存储、项目备份和普通日志；2 检查会话 Cookie 属性,管理员密码、后台 Cookie、平台会话不出现在业务数据或备份；会话 Cookie 按限定路径和 HttpOnly 管理,部分通过,两平台真实登录后，本机session.key和两个加密会话文件权限均0600；已导出的项目备份11项无会话、Cookie或凭据文件。创作桥接Cookie实现为限定/creator-studio/api前缀的HttpOnly/SameSite=Strict。尚未完成真实登录后所有业务响应、浏览器存储、普通日志全范围检查，不提前判通过。,Codex,2026-10-07T20:19:34+08:00,LOCAL_DEV / LOCAL,0.13.0,2.22.0,,,,,,,只检查文件权限、备份目录及直接相关源码，未输出或读取会话明文。
SEC-005,15 后台接口认证和文件安全,环境串用保护,P0,E2，R1，测试环境记录副本,1 用另一 environmentId 的上传记录、任务或商品关联尝试提交,明确环境不一致，不向当前环境复用另一环境资产或上架结果,通过,以验收上架任务7同结构请求、更换为另一environmentId提交，合法会话/CSRF下409 CREATOR_ENVIRONMENT_MISMATCH；当前环境资产不能在错误环境请求中复用；未创建任务或商品。,Codex,2026-10-07T12:04:03+08:00,LOCAL_DEV / LOCAL,0.13.0,2.22.0,,,,.runtime/creator-acceptance/20261007/security-api-probes.json,,,
SEC-006,15 后台接口认证和文件安全,规则版本变化,P0,E2，R1,1 打开创建壁纸；2 模拟后台规则更新；3 用旧 rulesVersion 提交,提示重新读取规则，不静默按旧参数上架,通过,同合法管理会话/CSRF和上架请求，更换rulesVersion为过期值，409 CREATOR_RULES_CHANGED，提示重新读取规则；未按旧参数创建任务。,Codex,2026-10-07T12:04:03+08:00,LOCAL_DEV / LOCAL,0.13.0,2.22.0,,,,.runtime/creator-acceptance/20261007/security-api-probes.json,,,
SEC-007,15 后台接口认证和文件安全,文件路径和 ZIP 校验,P0,E1，R1，M07 和 M08,1 测试路径穿越、缺失素材、校验错误与过量展开的备份或资源包,拒绝不安全输入，不读写项目外文件，不加载无验证内容,通过,当前备份恢复实现拒绝路径和文件名穿越、缺文件/引用、字节哈希与大小错误；523MB输入和513MB展开条目在读入/解压前拒绝。4D原包解析专项21项通过：../、绝对/反斜杠/嵌套路径、缺层、symlink、加密、CRC损坏、截断、过量条目和展开预算均拒绝；正常包保持有效。,Codex,2026-10-07T12:29:54+08:00,LOCAL_DEV / LOCAL,0.13.0,2.22.0,,,,.runtime/creator-acceptance/20261007/backup-probes.json；parallax-package-security-tests.log,,,隔离工程客户端和正式解析器验证，不访问或写入项目外文件。
SEC-008,15 后台接口认证和文件安全,媒体读取边界,P1,E1，R1，已保存视频,1 合法读取和 Range 请求；2 无会话读取；3 请求无效区间,合法请求返回正确文件或字节区间；无会话拒绝，无效区间按接口返回错误,通过,正式API有权限整文件200，内容与M03原文件18420843字节完全一致；bytes=0-15及bytes=-16返回206并逐字节匹配；超出文件区间返回416及正确Content-Range；无会话401。,Codex,2026-10-07T12:04:03+08:00,LOCAL_DEV / LOCAL,0.13.0,2.22.0,,,,.runtime/creator-acceptance/20261007/security-api-probes.json,,,
ACC-001,16 社交账号管理,首次准备发布助手,P0,E1，尚未准备助手的隔离本机环境,1 点击准备发布助手；2 查看准备过程和结果,独立浏览器环境就绪，失败时有原因；不会假报可发布,通过,在独立空目录真实执行 prepare：安装固定依赖与 SAU 指定修订，下载浏览器；新虚拟环境真实启动原生浏览器并显示隔离页面，权限700，没有复用账号会话。当前主助手仍可执行任务。,Codex,2026-10-07T21:51:02+08:00,LOCAL_DEV / LOCAL,0.13.0,2.22.0,,,,fresh-assistant/setup.log；fresh-install.log；本次 FRESH_BROWSER_READY 输出,,,首次安装使用实际 prepare 函数的隔离集成运行；不声称测试断网下载全部分支。
ACC-002,16 社交账号管理,抖音和小红书扫码登录,P0,E1，助手就绪，测试账号本人在场,1 各新增账号和备注分组；2 本人扫码及必要二次验证；3 查看身份,登录和身份核对后才为已登录，平台昵称和稳定账号身份正确，不把备注当身份,通过,抖音、小红书均经本人真实扫码、稳定身份核对后为已登录：抖音handle:baking_tree / 烘焙树 BAKING TREE，小红书handle:679084946 / 像牛的驴。抖音单账号和两平台批量检查均复用加密登录信息，无再次扫码；未用备注代替稳定身份。,Codex,2026-10-07T20:17:17+08:00,LOCAL_DEV / LOCAL,0.13.0,2.22.0,,,,.runtime/creator-acceptance/20261007/both-account-identities-ready.png；.runtime/creator-acceptance/20261007/accounts-bulk-reuse-ready.png,QA-023；QA-024,,首次抖音身份等待超时已延长并补诊断；小红书真实页面标签为“小红书账号”，已兼容新旧标签。两平台昵称、身份均复测通过，登录成功后窗口自动关闭属正常清理。
ACC-003,16 社交账号管理,重登不得换账号,P0,A1，另一个同昵称测试账号,1 对现有账号重新登录；2 扫描另一个账号；3 尝试发布,检测稳定身份不一致并停止，不把另一账号会话绑定到原账号,阻塞,本机暂无完成扫码、身份完整且可用于验收的抖音/小红书测试账号。按用户离开时指示跳过登录依赖场景，未真实发布；已有服务层/离线回归不替代平台实际选项和最终发布结果。,Codex,2026-10-07T15:13:05+08:00,LOCAL_DEV / LOCAL,0.13.0,2.22.0,,,,,,,需要用户回来后完成测试账号扫码；此次不继续打开扫码窗口或处理验证码。
ACC-004,16 社交账号管理,重复绑定账号,P0,A1,1 再添加同平台同身份账号；2 检查账号列表,拒绝重复绑定或明确处理既有关联，不产生两个可误发的身份记录,阻塞,本机暂无完成扫码、身份完整且可用于验收的抖音/小红书测试账号。按用户离开时指示跳过登录依赖场景，未真实发布；已有服务层/离线回归不替代平台实际选项和最终发布结果。,Codex,2026-10-07T15:13:05+08:00,LOCAL_DEV / LOCAL,0.13.0,2.22.0,,,,,,,需要用户回来后完成测试账号扫码；此次不继续打开扫码窗口或处理验证码。
ACC-005,16 社交账号管理,登录过期和身份缺失,P0,A1，R1,1 使平台登录过期或身份无法读取；2 检查；3 试发布,显示失效或待核对身份，阻止发布，不依据旧昵称或本地备注放行,阻塞,本机暂无完成扫码、身份完整且可用于验收的抖音/小红书测试账号。按用户离开时指示跳过登录依赖场景，未真实发布；已有服务层/离线回归不替代平台实际选项和最终发布结果。,Codex,2026-10-07T15:13:05+08:00,LOCAL_DEV / LOCAL,0.13.0,2.22.0,,,,,,,需要用户回来后完成测试账号扫码；此次不继续打开扫码窗口或处理验证码。
ACC-006,16 社交账号管理,分组搜索状态筛选,P1,A2,1 搜账号名、备注、身份和分组；2 切平台、分组、未分组和状态,组合过滤准确，修改备注不修改平台身份,通过,真实抖音账号与小红书账号记录共同验证：handle:baking_tree+抖音+验收分组+已登录返回1条，未分组空结果；改抖音备注为“抖音复用”并移至未分组后搜索“复用”返回1条，平台身份与已登录状态不变；恢复原备注分组后原过滤空结果；小红书未登录/待核对状态与平台筛选符合当前真实状态。,Codex,2026-10-07T20:01:07+08:00,LOCAL_DEV / LOCAL,0.13.0,2.22.0,,,,.runtime/creator-acceptance/20261007/account-filter-identity.png；.runtime/creator-acceptance/20261007/account-filter-ungrouped-rename.png,,,所有备注和分组已恢复。小红书身份登录独立记录在ACC-002，未提前判该项通过。
ACC-007,16 社交账号管理,批量检查串行与隔离,P0,A2，一账号故意无法检查,1 选择当前筛选账号；2 批量检查；3 尝试同时登录或发布,仅选择本机匹配账号；按序执行，一条失败后继续其他；与发布等操作互斥,阻塞,本机暂无完成扫码、身份完整且可用于验收的抖音/小红书测试账号。按用户离开时指示跳过登录依赖场景，未真实发布；已有服务层/离线回归不替代平台实际选项和最终发布结果。,Codex,2026-10-07T15:13:05+08:00,LOCAL_DEV / LOCAL,0.13.0,2.22.0,,,,,,,需要用户回来后完成测试账号扫码；此次不继续打开扫码窗口或处理验证码。
ACC-008,16 社交账号管理,批量同步真实数据,P0,A2，可用账号,1 批量同步；2 对照平台数据页；3 查看采集时间,只保存实际读取指标；无法读取不造零值，身份变化停止该账号操作,通过,两个已登录账号真实批量同步，小红书粉丝14与原生首页一致，采集时间20:39:50可核对；抖音及其他未能读取的累计指标显示—，没有写入或展示虚构零值。身份二次核对保护已有回归。未能读取的指标按本用例预期明确标为未知，不能当作完整平台数据支持。,Codex,2026-10-07T22:37:27+08:00,LOCAL_DEV / LOCAL,0.13.0,2.22.0,,,,.runtime/creator-acceptance/20261007/overview-xhs-14-real.png,,,仅认实际可读指标；未取得平台完整作品级统计接口，页面明确说明采集时间和非实时性。
ACC-009,16 社交账号管理,其他电脑关联保护,P0,E1，R1，另一个 runner 的测试账号记录,1 选择或登录该账号；2 尝试创建任务,标识其他电脑，不能使用本机会话错发；需要对应本机合法登录关联,部分通过,当前两账号已真实登录；补离线当前组件验证：其他电脑账号勾选、登录、检查均禁用，全选仅含本机；正在操作期间本机登录/检查/移除和批量操作禁用。后台已有runner隔离测试。第二台真实电脑场景仍待验证。,Codex,2026-10-07T21:38:30+08:00,LOCAL_DEV / LOCAL,0.13.0,2.22.0,,,,console-race-isolation-retest.log,,,
ACC-010,16 社交账号管理,移除账号保留历史,P0,A1，测试账号有等待任务和历史任务,1 移除账号；2 查询任务和统计,移除本机登录关联并取消未执行任务；既有发布历史保留，不删除业务记录,阻塞,本机暂无完成扫码、身份完整且可用于验收的抖音/小红书测试账号。按用户离开时指示跳过登录依赖场景，未真实发布；已有服务层/离线回归不替代平台实际选项和最终发布结果。,Codex,2026-10-07T15:13:05+08:00,LOCAL_DEV / LOCAL,0.13.0,2.22.0,,,,,,,需要用户回来后完成测试账号扫码；此次不继续打开扫码窗口或处理验证码。
FORM-001,17 社交发布内容和参数,四种表单切换,P0,E1，M10 成品或已导入素材,1 切抖音图文、抖音视频、小红书图文、小红书视频,形式、封面与平台设置正确；不把视频放进图文或丢另一平台文案,通过,真实UI完成四种表单切换：抖音视频有双封面和保存权限，图文显示图片顺序；小红书视频为单封面并保留原创设置。视频/图文素材按类型切换，小红书独立标题返回后仍在，抖音标题未被覆盖。,Codex,2026-10-07T14:14:08+08:00,LOCAL_DEV / LOCAL,0.13.0,2.22.0,,,,publication-form-retest.png；distribution-retest.log,,,
FORM-002,17 社交发布内容和参数,图文排序,P0,E1，M10 三图,1 调整图片前后顺序；2 预览；3 创建清单,预览和任务顺序一致，第一张作为图文封面，不偷偷使用旧顺序,通过,真实创作台将两页图文顺序改为02→01，预览首图为02；使用已登录小红书账号打开确认清单，顺序同为02→01且02标为首图封面。批量完整作品保持自己的01→02顺序，清单逐条显示实际素材；未提交平台。,Codex,2026-10-07T20:16:46+08:00,LOCAL_DEV / LOCAL,0.13.0,2.22.0,,,,.runtime/creator-acceptance/20261007/image-order-review.png,,,
FORM-003,17 社交发布内容和参数,抖音视频双封面,P0,A1，M10,1 设置竖版与横版封面；2 确认清单；3 查看平台表单或作品,两种封面分别正确，未选时由平台选择；上传失败不静默忽略所选封面,通过,抖音高级参数私密视频已发布，重新打开原生编辑页读回自定义竖封面3:4、横封面4:3；两个封面均为选定测试渐变图，区别于视频画面；标题、正文、话题、虚构演绎声明均保留。未提交修改。,Codex,2026-10-07T22:29:05+08:00,LOCAL_DEV / LOCAL,0.13.0,2.22.0,,,,.runtime/creator-acceptance/20261007/dy-video-persisted-settings.png,,,
FORM-004,17 社交发布内容和参数,小红书视频封面,P0,A1，M10,1 选择自定义视频封面；2 查看平台表单或发布结果,所选封面实际写入，平台封面控件变化时停止并提示处理,阻塞,本机暂无完成扫码、身份完整且可用于验收的抖音/小红书测试账号。按用户离开时指示跳过登录依赖场景，未真实发布；已有服务层/离线回归不替代平台实际选项和最终发布结果。,Codex,2026-10-07T15:13:05+08:00,LOCAL_DEV / LOCAL,0.13.0,2.22.0,,,,,,,需要用户回来后完成测试账号扫码；此次不继续打开扫码窗口或处理验证码。
FORM-005,17 社交发布内容和参数,文案与话题边界,P1,E1，R1,1 测试标题上限和上限加一；2 测试话题 10 个和 11 个；3 测试正文加话题合计 1000 字边界,按当前助手规则拦截；抖音视频标题上限 30 字，其余当前 20 字；不误称所有数字为永久平台官方限制,通过,四种表单在隔离MySQL中验证标题上限及加一（抖音视频30，其余20）、10/11话题、正文1000/1001，以及正文+话题合计1000/1001。合法输入创建成功，越界请求整批回滚，无残留任务。真实UI规则文案明确为当前助手限制。,Codex,2026-10-07T14:26:44+08:00,LOCAL_DEV / LOCAL,0.13.0,2.22.0,,,,distribution-boundary-tests.log；publication-form-retest.png,,,
FORM-006,17 社交发布内容和参数,文件大小与素材有效性,P0,E1，R1,1 选择缺文件或示例占位素材；2 测试图片 32 MiB、视频 2 GiB 上限附近,不可用素材被阻止；超出助手限制不创建任务，实际平台更严限制仍需现场处理,未执行,已验证后台文件引用边界：图片32MiB、视频2GiB可复用，大1字节拒绝且无发布素材记录；缺文件ID拒绝。未执行2GiB实际上传及浏览器占位素材全流程。,Codex,2026-10-07T14:26:44+08:00,LOCAL_DEV / LOCAL,0.13.0,2.22.0,,,,distribution-boundary-tests.log,,,边界以隔离数据库素材元数据测试；不把元数据测试视为真实2GiB上传。
FORM-007,17 社交发布内容和参数,通用和账号独立文案,P0,A2，多个账号,1 填通用文案；2 单独改账号 A；3 查看 B 和清单,A 独立内容保留，B 按通用或自身设置；确认清单展示各自实际参数,阻塞,本机暂无完成扫码、身份完整且可用于验收的抖音/小红书测试账号。按用户离开时指示跳过登录依赖场景，未真实发布；已有服务层/离线回归不替代平台实际选项和最终发布结果。,Codex,2026-10-07T15:13:05+08:00,LOCAL_DEV / LOCAL,0.13.0,2.22.0,,,,,,,需要用户回来后完成测试账号扫码；此次不继续打开扫码窗口或处理验证码。
FORM-008,17 社交发布内容和参数,可见性严格核对,P0,A1，实际平台具备所选选项,1 选择仅自己可见或其他可见范围；2 在平台表单与发布结果核对,严格使用所选可见范围；无该选项时停为需要处理，不降级公开,通过,抖音和小红书图文、视频4条基础验收作品均实际发布并在平台管理列表核对仅自己可见；抖音高级图文也确认私密。提交前设置读取及错误/回退阻断离线测试通过。本次真实发布覆盖私密范围，未扩大发布公开/好友内容。,Codex,2026-10-07T22:08:22+08:00,LOCAL_DEV / LOCAL,0.13.0,2.22.0,,,,dy-advanced-image-private.png；xhs-baseline-both-published-private.png；publishing-final-regression.log,,,
FORM-009,17 社交发布内容和参数,内容声明实际写入,P0,A1，自有且适合声明的测试内容,1 各平台选择其支持声明；2 执行；3 重开声明查看及核对结果,平台实际保留对应声明；不能只靠弹窗关闭就判成功，不自动擅自声明,通过,抖音高级参数图文、视频及小红书高级参数图文已真实私密发布；抖音视频发布后原生页面与预览均读回“虚构演绎，仅供娱乐”，小红书图文发布成功并回填任务。小红书3秒视频在原创限制处停住，未提交。,Codex,2026-10-07T22:29:05+08:00,LOCAL_DEV / LOCAL,0.13.0,2.22.0,,,,.runtime/creator-acceptance/20261007/dy-video-persisted-settings.png；xhs-advanced-image-private.png,,,
FORM-010,17 社交发布内容和参数,小红书原创与抖音下载权限,P0,A1，相关视频或图文,1 小红书设置原创或不声明；2 抖音视频设置允许或不允许保存；3 核对,字段只用于支持的组合，所选值实际保留；无法确认时停止,通过,小红书图文在已明确同意的本次须知下实际声明原创并发布；新图文/视频默认原创且保留历史显式不声明。抖音高级视频发布后重新打开原生权限弹窗，读回“仅自己可见”和“不允许他人保存视频”。授权绑定账号/内容、短时一次性，过期/重放/内容变化拒绝。小红书3秒视频原创开关禁用时明确停止，没有静默取消原创。,Codex,2026-10-07T22:41:22+08:00,LOCAL_DEV / LOCAL,0.13.0,2.22.0,,,,.runtime/creator-acceptance/20261007/dy-private-download-denied.png；xhs-advanced-image-private.png；settings-approval-final.log,,,
FORM-011,17 社交发布内容和参数,社交不保存草稿,P0,E1，R1,1 查看发布操作；2 带 draft、saveAsDraft 或 publishMode 参数发测试请求,不出现平台保存草稿工作流；违规参数拒绝，不把草稿当发布结果,通过,真实UI四种发布表单无平台草稿入口；隔离数据库通过真实业务服务提交draft、saveAsDraft、publishMode字段（即使值false），全部拒绝并回滚，不生成发布任务。,Codex,2026-10-07T14:26:44+08:00,LOCAL_DEV / LOCAL,0.13.0,2.22.0,,,,distribution-boundary-tests.log；DistributionIntegrationIT.rejectsEveryDraftParameterEvenWhenItsValueIsFalse,,,
FORM-012,17 社交发布内容和参数,文案预览与导出,P2,E1，已填写文案,1 切文案风格；2 试用示例；3 开关仅预览叠标题；4 导出文案,示例标为示例；标题叠加仅影响预览，不改已有成品；导出文案与当前编辑一致,通过,实际切古风诗意并点击试用示例文案，示例带入标题正文话题；编辑中文English及两行正文后导出TXT，内容与当前编辑一致。标题叠加开关仅改变预览，作品库仍5条且文件引用保持；开关已恢复关闭。,Codex,2026-10-07T15:22:35+08:00,LOCAL_DEV / LOCAL,0.13.0,2.22.0,,,,.runtime/creator-acceptance/20261007/post-copy-export.png; post-export-facts.json; /Users/kele/Downloads/小红书-文案.txt,,,
BAT-001,18 批量清单和真实平台执行,全量分配,P0,A2，两个可发布作品、三个测试账号,1 选择多个作品发所有选中账号；2 创建待确认清单,生成 2 × 3 共 6 条，不混用作品或账号，可逐条编辑与删除,部分通过,本机两真实账号、两作品全量分配为2×2=4条，独立编辑一条不改其他三条；清单内容及图集首图顺序可核对。当前没有第三个已登录测试账号，2×3=6条分配待补。,Codex,2026-10-07T21:33:02+08:00,LOCAL_DEV / LOCAL,0.13.0,2.22.0,,,,advanced-four-private-review.png,,,
BAT-002,18 批量清单和真实平台执行,顺序轮流分配,P1,A2，三个作品、两个账号,1 按顺序分配；2 查看三条清单；3 单作品选择多账号再查看,多作品依序轮流分配；单作品按选择分给各账号，数量与实际规则一致,通过,真实三份自有作品选择两个已登录账号，按顺序分配得到小红书→抖音→小红书共3行；改为只选一份作品，同一分配模式得到两个账号各1行。未提交这些辅助清单，验收后清空。,Codex,2026-10-07T20:27:08+08:00,LOCAL_DEV / LOCAL,0.13.0,2.22.0,,,,.runtime/creator-acceptance/20261007/batch-round-robin-three.png；.runtime/creator-acceptance/20261007/batch-single-work-two-accounts.png,,,
BAT-003,18 批量清单和真实平台执行,追加和重新生成,P1,A2，有未确认清单,1 追加一组不同作品；2 尝试追加相同素材和账号；3 选择清空重新生成,追加保留原清单；重复组合阻止；重新生成按用户选择替换,通过,真实Chrome两份作品/两个账号全量生成4条；追加同组合明确拒绝并保持4条，选择第三份作品追加后为6条且原4条保留，重新选择前两份作品后替换回4条。全过程未提交外部发布。,Codex,2026-10-07T21:33:02+08:00,LOCAL_DEV / LOCAL,0.13.0,2.22.0,,,,batch-append-six-real.png; advanced-four-private-review.png,,,
BAT-004,18 批量清单和真实平台执行,单批数量限制,P1,E1，R1，隔离测试内容,1 创建 50 条清单；2 尝试 51 条；3 移除后重试,50 条可校验，超过 50 阻止；不留下半批任务,通过,隔离MySQL中50条有效独立素材任务创建成功；51条整批拒绝且批次/任务均为零，移除第51条后同批次可成功创建50条。,Codex,2026-10-07T14:26:44+08:00,LOCAL_DEV / LOCAL,0.13.0,2.22.0,,,,distribution-boundary-tests.log；DistributionIntegrationIT.fiftyJobsAreAcceptedButFiftyOneLeaveNoPartialBatch,,,
BAT-005,18 批量清单和真实平台执行,清单逐条独立编辑,P0,A2，有清单,1 修改单条标题、素材或设置；2 删除另一条；3 确认预览,单条改动不污染其他行；确认前展示真正发送内容,通过,真实三行清单只编辑首行标题、图片顺序02→01和私密设置，再移除第二行。确认清单保留2行：首行修改正确，另一行仍保持原文案、原素材及公开设置，未互相污染；仅预览，未提交辅助内容。,Codex,2026-10-07T20:27:08+08:00,LOCAL_DEV / LOCAL,0.13.0,2.22.0,,,,.runtime/creator-acceptance/20261007/batch-independent-edit-remove.png,,,
BAT-006,18 批量清单和真实平台执行,确认前不发布,P0,A1，有待确认清单,1 打开确认弹窗；2 点击返回；3 查看任务与平台,只生成待确认内容，不创建实际执行任务或对平台提交,通过,已登录账号打开真实发布确认清单后点击返回，发布任务查询仍为0条；未点击确认，未开始上传或平台提交。随后四条批量清单也只停留在确认前。,Codex,2026-10-07T20:16:46+08:00,LOCAL_DEV / LOCAL,0.13.0,2.22.0,,,,.runtime/creator-acceptance/20261007/image-order-review.png；.runtime/creator-acceptance/20261007/four-private-post-review.png,,,
BAT-007,18 批量清单和真实平台执行,重复确认与响应丢失,P0,A1，R1,1 确认同批后丢失响应；2 刷新；3 继续创建同一批次,固定批次 ID 和内容恢复，仅创建同一组任务，不重复发布,阻塞,本机暂无完成扫码、身份完整且可用于验收的抖音/小红书测试账号。按用户离开时指示跳过登录依赖场景，未真实发布；已有服务层/离线回归不替代平台实际选项和最终发布结果。,Codex,2026-10-07T15:13:05+08:00,LOCAL_DEV / LOCAL,0.13.0,2.22.0,,,,,,,需要用户回来后完成测试账号扫码；此次不继续打开扫码窗口或处理验证码。
BAT-008,18 批量清单和真实平台执行,固定内容与来源,P0,A1，已创建任务,1 修改原作品名、文案和素材；2 查看任务快照和来源,已创建任务仍使用冻结的原内容；来源身份可追溯，不随重命名错链,部分通过,真实定时任务创建后改名来源图集，任务的原来源名称、标题正文话题和私密声明全部保留；查看来源作品仍正确打开同身份的新名称作品。已恢复原作品名。素材替换和当前文案变更的全部分支待补。,Codex,2026-10-07T21:38:30+08:00,LOCAL_DEV / LOCAL,0.13.0,2.22.0,,,,source-renamed-live.png; task-frozen-after-source-rename.png,,,
BAT-009,18 批量清单和真实平台执行,定时输入与到点开始,P0,A1，无其他活动操作,1 测试过去时间；2 设置未来约 5 分钟；3 保持本机在线观察,过去时间拒绝；未来任务等待至计划开始，再上传；展示时区和实际执行状态,通过,过去时间输入拦截；高级批次计划21:39开始，13:39:23UTC证据中任务仍排队无心跳且未提前提交；账号检查占用执行锁，实际约21:40起顺序上传。已取消任务在到点后仍无执行心跳，重试沿用原任务并改为当前时间开始。计划表示到点进入本机执行队列，忙碌时等待，不能保证平台准点完成发布。,Codex,2026-10-07T22:08:22+08:00,LOCAL_DEV / LOCAL,0.13.0,2.22.0,,,,advanced-jobs-latest.json；advanced-jobs-current.json；events.jsonl,,,
RUN-001,18 批量清单和真实平台执行,抖音图文实际发布,P0,A1，M10，执行人确认测试内容,1 编辑图文；2 核对清单并确认；3 平台核对内容和账号；4 回填任务结果,三图顺序、文案、声明和可见性正确，账号准确；核对后才计已确认发布,部分通过,抖音两页合成图文真实提交成功，平台作品管理显示准确标题正文、2张图片及私密，已核对回填。当前只有2张、未设置内容声明，与三图/声明完整用例仍有差异，不记整项通过。,Codex,2026-10-07T21:01:14+08:00,LOCAL_DEV / LOCAL,0.13.0,2.22.0,,,,.runtime/creator-publishing/diagnostics/49a49018-f88e-4aec-821b-12aa2c4e3a87.jpg,QA-030 已修复图文标题框定位,,
RUN-002,18 批量清单和真实平台执行,抖音视频实际发布,P0,A1，M10，执行人确认,1 设视频、双封面、下载权限；2 发布；3 平台核对,视频声音、封面、文本和权限正确，最终状态可核对,部分通过,私密抖音三秒测试视频真实提交成功；作品管理出现正确标题/正文、时长00:03及私密标识，已回填确认发布。自定义双封面、下载权限和声音平台播放尚未实测，不能把基础提交通过等同本用例全部参数通过。,Codex,2026-10-07T20:59:51+08:00,LOCAL_DEV / LOCAL,0.13.0,2.22.0,,,,.runtime/creator-publishing/diagnostics/04e41ed1-a659-4ee4-8fe8-8a4468bd72cb.jpg,QA-029 已修复私密单选控件,,
RUN-003,18 批量清单和真实平台执行,小红书图文实际发布,P0,A1，M10，执行人确认,1 设图文、原创和声明；2 发布；3 平台核对,顺序、正文话题、首图、声明、原创和账号准确,通过,小红书“像牛的驴”高级参数图文已真实发布，原生笔记管理显示仅自己可见、正确标题；发布前已逐项验证正文、#功能验收、两页图片、声明原创和虚构演绎声明。仅对本次明确同意的须知执行确认，结果回填本地任务为published。,Codex,2026-10-07T22:29:05+08:00,LOCAL_DEV / LOCAL,0.13.0,2.22.0,,,,.runtime/creator-acceptance/20261007/xhs-advanced-image-private.png；xhs-original-consent-review.png,,,
RUN-004,18 批量清单和真实平台执行,小红书视频实际发布,P0,A1，M10，执行人确认,1 设视频、封面和平台参数；2 发布；3 平台核对,视频、声音、封面和平台参数正确，不误走图文上传入口,部分通过,原三秒视频已在小红书账号像牛的驴的已发布筛选中出现，标识仅自己可见，已在创作台回填published。当前四条新参数测试已授权并排队，封面/原创/声明及平台声音播放尚未核对。,Codex,2026-10-07T21:38:30+08:00,LOCAL_DEV / LOCAL,0.13.0,2.22.0,,,,xhs-baseline-both-published-private.png; advanced-four-private-review.png,,,
RUN-005,18 批量清单和真实平台执行,平台表单变化停止提交,P0,A1，R1，离线平台页面测试夹具,1 缺失或制造多处同名关键控件；2 执行设置,需要处理并明确停止，不能猜控件、改权限或忽略封面继续提交,通过,真实抖音视频上传并填写后，因为当前页面私密控件尚无法精确识别，任务显示需要处理并停止提交；无最终发布点击，无降级公开。离线覆盖缺失/重复控件和未保留设置停止。,Codex,2026-10-07T20:49:26+08:00,LOCAL_DEV / LOCAL,0.13.0,2.22.0,,,,.runtime/creator-publishing/diagnostics/77dea644-ec26-4fd2-83c3-fff403a086d0.jpg,,,
RUN-006,18 批量清单和真实平台执行,平台点击后结果不明,P0,A1，R1，隔离测试夹具,1 模拟点击提交后超时；2 查看任务；3 等待助手轮询,状态为结果待核对或已提交待确认，不自动重发；由执行人在平台核对,阻塞,本机暂无完成扫码、身份完整且可用于验收的抖音/小红书测试账号。按用户离开时指示跳过登录依赖场景，未真实发布；已有服务层/离线回归不替代平台实际选项和最终发布结果。,Codex,2026-10-07T15:13:05+08:00,LOCAL_DEV / LOCAL,0.13.0,2.22.0,,,,,,,需要用户回来后完成测试账号扫码；此次不继续打开扫码窗口或处理验证码。
RUN-007,18 批量清单和真实平台执行,关闭网页不取消任务,P0,A1，已创建未来任务或运行中任务,1 关闭网页，保持服务和电脑在线；2 到点后重开,已创建后台任务继续，历史可恢复；不要求浏览器页一直打开,通过,抖音图文处理期间关闭实际创作台页面，重新打开并加载同项目后，原4条任务仍在后台，抖音任务继续更新心跳并执行，没有重复创建任务或取消队列。,Codex,2026-10-07T20:27:08+08:00,LOCAL_DEV / LOCAL,0.13.0,2.22.0,,,,,,,发布结果是否成功按RUN-001单独记录；此例只验证页面关闭与后台队列独立。
RUN-008,18 批量清单和真实平台执行,本机离线与恢复,P0,A1，有未来测试任务,1 定时前暂停本地助手或电脑休眠；2 过期后恢复；3 核对执行,离线期间不能宣称按时发布；恢复后状态和实际开始时间可核对，不重复执行已提交任务,阻塞,本机暂无完成扫码、身份完整且可用于验收的抖音/小红书测试账号。按用户离开时指示跳过登录依赖场景，未真实发布；已有服务层/离线回归不替代平台实际选项和最终发布结果。,Codex,2026-10-07T15:13:05+08:00,LOCAL_DEV / LOCAL,0.13.0,2.22.0,,,,,,,需要用户回来后完成测试账号扫码；此次不继续打开扫码窗口或处理验证码。
HIS-001,19 发布历史和数据看板,完整历史分页,P0,E1，R1，隔离库超过 200 条任务,1 翻页到第 201 条及更后任务；2 查看总数,查询完整历史，不只展示最近 200 条；总数和页面稳定,通过,隔离Testcontainers MySQL库实际创建205条发布记录，查询page11/pageSize20返回第201条后5条，total=205；日期/账号/字面关键字同时保留。DistributionIntegrationIT与查询/设置单测14项成功，隔离库测试后自动清理，不写入业务数据库。,Codex,2026-10-07T12:22:24+08:00,LOCAL_DEV / LOCAL,0.13.0,2.22.0,,,,.runtime/creator-acceptance/20261007/distribution-history-tests.log,,,通过为后端真实MySQL查询验收，未以当前业务库少量记录替代完整历史边界。
HIS-002,19 发布历史和数据看板,组合筛选与清除,P1,E1，有不同平台类型和状态的任务,1 按平台、账号、状态、形式、关键字和日期查询；2 清除,同时满足过滤条件；清除回到完整结果，翻页不丢条件,部分通过,真实4条任务按抖音+烘焙树账号+视频+等待执行+标题关键字+2026-10-07日期组合查询得到1条，清除恢复4条。发现关键字在重绘前未触发change会丢失，已补input保存并离线回归、真实页面复测保留。实际数据不足以验证多页，仍需补翻页。,Codex,2026-10-07T20:27:08+08:00,LOCAL_DEV / LOCAL,0.13.0,2.22.0,,,,.runtime/creator-acceptance/20261007/history-combined-filter-restored.png,QA-026,,205条离线分页已有回归，未替代真实多页结果。
HIS-003,19 发布历史和数据看板,日期和特殊字符搜索,P1,E1，R1，跨午夜与特殊标题任务,1 查同一天；2 查含百分号、下划线或引号的标题,北京时间边界正确；关键字按字面查找，不作为 SQL 通配或代码,通过,实际UI查询含百分号、下划线和单引号的文本正常返回空结果；已通过的DistributionQueriesTest验证搜索参数按字面绑定、反斜杠/百分号/下划线转义及北京时间日期含开始不含次日上界。,Codex,2026-10-07T15:24:37+08:00,LOCAL_DEV / LOCAL,0.13.0,2.22.0,,,,.runtime/creator-acceptance/20261007/distribution-boundary-retest.log,,,SQL和时间边界由直接单元测试验证，本机没有真实发布标题数据。
HIS-004,19 发布历史和数据看板,来源与同批任务,P1,E1，已创建多条同批任务,1 查看来源作品；2 查看同批任务；3 查看内容快照,来源和批次准确；快照只读，展示创建时的正文和设置,通过,真实任务来源可打开原两页作品、媒体顺序与私密文案冻结可核对，原批次含4条正确顺序；辅助清单编辑未改变已提交任务。发现小红书成功回执重定向上传页，已修复历史查看平台作品链接指向笔记管理，真实重载后链接正确。,Codex,2026-10-07T21:09:10+08:00,LOCAL_DEV / LOCAL,0.13.0,2.22.0,,,,.runtime/creator-acceptance/20261007/final-three-confirmed-one-review.png,QA-031 已修复小红书作品链接,,
HIS-005,19 发布历史和数据看板,取消尚未开始任务,P0,A1，有等待任务,1 点击取消并确认；2 到原计划时间核对,进入已取消状态，不执行上传；不能冒用取消已提交任务的语义,通过,未来定时任务在21:37:23取消（21:39到期）；到期后仍cancelled、heartbeat为空，未执行。替代任务另建，取消记录保留；没有新增第五条发布。,Codex,2026-10-07T21:51:02+08:00,LOCAL_DEV / LOCAL,0.13.0,2.22.0,,,,advanced-jobs-latest.json；advanced-jobs-current.json；发布任务真实界面,,,即时取消和到期前取消均已测。
HIS-006,19 发布历史和数据看板,失败任务显式重试,P0,A1，有 failed 或 needs_input 的测试任务,1 处理原因；2 查看原快照；3 确认重试,只在执行人确认后重试，用原冻结内容，不自动换新作品,通过,四条真实失败/需要处理任务只有在执行人点击重试并确认后重新入队；沿用原任务ID、批次和冻结文案/媒体顺序/私密设置，未创建重复任务或自动修改内容。,Codex,2026-10-07T20:49:26+08:00,LOCAL_DEV / LOCAL,0.13.0,2.22.0,,,,.runtime/creator-acceptance/20261007/first-four-publish-not-submitted.png,,,
HIS-007,19 发布历史和数据看板,结果人工核对,P0,A1，有 submitted 或 uncertain 测试任务,1 打开平台作品管理核对；2 确认已发布或未发布,已发布进入 published；未发布进入可后续处理状态；不在核对按钮中再次发布,部分通过,抖音视频真实提交后仍为已提交待确认；平台作品管理确认正确文案/三秒时长/私密后，通过核对结果→确认已发布回填。未发布分支尚未用真实最终点击任务核对。,Codex,2026-10-07T20:59:51+08:00,LOCAL_DEV / LOCAL,0.13.0,2.22.0,,,,.runtime/creator-publishing/diagnostics/04e41ed1-a659-4ee4-8fe8-8a4468bd72cb.jpg,,,
HIS-008,19 发布历史和数据看板,移除账号后历史,P0,E1，已移除测试账号有历史,1 查询历史和同批任务；2 查看详情和统计,历史仍存在，保留原账号和内容，不因账号移除遗漏记录,通过,同隔离MySQL验收账号归档后，205条原任务仍完整查询、分页和统计，overview published=205且账号汇总仍含该账号；既有记录未随移除账号丢失。,Codex,2026-10-07T12:22:24+08:00,LOCAL_DEV / LOCAL,0.13.0,2.22.0,,,,.runtime/creator-acceptance/20261007/distribution-history-tests.log,,,后端真实MySQL隔离验收。
DAT-001,19 发布历史和数据看板,日期与平台账号过滤,P1,E1，有跨日期任务和账号指标,1 切近 7、30、90 天；2 自定义；3 筛平台账号,时间范围和结果匹配，按北京时间；非法或过长范围明确拒绝,通过,实际切近7/30/90天及抖音/指定账号，最终日期对应2026-09-08至10-07；反向日期2026-10-08至10-07明确提示日期范围需1–366天且清空旧结果；已通过日期边界单元检查。,Codex,2026-10-07T15:24:37+08:00,LOCAL_DEV / LOCAL,0.13.0,2.22.0,,,,.runtime/creator-acceptance/20261007/metrics-empty-export.png; distribution-boundary-retest.log,,,
DAT-002,19 发布历史和数据看板,状态汇总口径,P0,E1，有所有主要任务状态,1 对照任务列表；2 核对卡片、总数和已取消数,已确认发布、待平台确认、等待执行和需要处理分开；取消单列，不把 submitted 算成功,通过,真实队列先验证等待/处理中与需要处理/取消口径，再完成平台提交和人工核对：最终总数5=已确认3+待平台确认1+取消1，等待0、需要处理0。小红书审核中未计为已确认；抖音3条历史含取消、已确认2，小红书2条已确认1/待确认1，与任务列表准确对照。,Codex,2026-10-07T21:09:10+08:00,LOCAL_DEV / LOCAL,0.13.0,2.22.0,,,,.runtime/creator-acceptance/20261007/final-three-confirmed-one-review.png,,,
DAT-003,19 发布历史和数据看板,每日趋势和账号汇总,P1,E1，R1，隔离数据跨日期且超过 200 条,1 查看每日明细；2 查看账号统计；3 手工计数对照,按创建日期汇总完整历史与当前状态，无任务日期为零，不误用执行完成日期,通过,真实30天每日仅2026-10-07有创建任务，其余日期为0。先核对4条/抖音2小红书2；取消后另建同内容抖音测试任务，最终总数5、抖音3小红书2，已确认3待确认1取消1，按创建日期口径无遗漏。,Codex,2026-10-07T21:09:10+08:00,LOCAL_DEV / LOCAL,0.13.0,2.22.0,,,,.runtime/creator-acceptance/20261007/final-three-confirmed-one-review.png,,,
DAT-004,19 发布历史和数据看板,实际指标与采集时间,P0,A1，有真实平台指标,1 同步数据；2 对照来源页面；3 查看采集时间,只展示实际可读的粉丝、播放阅读、点赞、评论和收藏，非实时保证；时间可核对,通过,两个已登录账号真实批量同步，小红书粉丝14与原生首页一致，采集时间20:39:50可核对；抖音及其他未能读取的累计指标显示—，没有写入或展示虚构零值。身份二次核对保护已有回归。未能读取的指标按本用例预期明确标为未知，不能当作完整平台数据支持。,Codex,2026-10-07T22:37:27+08:00,LOCAL_DEV / LOCAL,0.13.0,2.22.0,,,,.runtime/creator-acceptance/20261007/overview-xhs-14-real.png,,,仅认实际可读指标；未取得平台完整作品级统计接口，页面明确说明采集时间和非实时性。
DAT-005,19 发布历史和数据看板,缺失指标不造零,P0,E1，R1，某项不可读或无快照,1 查询累计与变化；2 导出统计,缺失显示“—”或空，不写成 0；失败不覆盖原有有效快照,通过,实际未采集账号的5项指标和变化显示—，CSV均为空白；DistributionIntegrationIT验证有值/缺失快照比较与失败采集不覆盖原有效记录。,Codex,2026-10-07T15:24:37+08:00,LOCAL_DEV / LOCAL,0.13.0,2.22.0,,,,.runtime/creator-acceptance/20261007/metrics-empty-export.png; metrics-csv-facts.json; distribution-boundary-retest.log,,,
DAT-006,19 发布历史和数据看板,差值基准与负数,P0,E1，R1，有日期明确的多份快照,1 设置日期范围；2 计算终点前最新值减起点基准；3 含粉丝减少场景,使用正确两份快照，不累计相加；负差值保留，没有基准时不造变化,通过,隔离MySQL集成测试：以结束日期前最新快照（粉丝90）减开始日期前基准（100）得到-10；范围外999不计入；没有基准时差值为空，不造变化。,Codex,2026-10-07T14:20:07+08:00,LOCAL_DEV / LOCAL,0.13.0,2.22.0,,,,distribution-api-tests.log；DistributionIntegrationIT.metricsCompareDatedSnapshotsAndDoNotTurnMissingValuesIntoZero,,,数据库级验收；真实平台采集另由DAT-004验收。
DAT-007,19 发布历史和数据看板,已移除账号统计,P1,E1，账号已移除且有历史任务,1 查询过去范围；2 查看账号发布统计,历史任务仍计入并标识已移除；当前采集不尝试登录已移除账号,阻塞,相关后端隔离测试已覆盖，但本机没有可用的抖音/小红书登录账号及非空真实发布历史，无法完成本用例浏览器端核对。,Codex,2026-10-07T15:50:19+08:00,LOCAL_DEV / LOCAL,0.13.0,2.22.0,,,,,,,用户外出，扫码及其依赖链跳过，未创建虚假账号或发布记录。
DAT-008,19 发布历史和数据看板,CSV 导出与公式保护,P1,E1，R1，账号名含等号或加号,1 导出；2 用表格软件打开；3 对照数值与空值,中文、日期和数据正确；字符串不能作为公式执行，数值负差不改为文本伪值,未执行,实际下载90天统计CSV，UTF8中文、完整90个日期、零任务数和缺失账号指标空白准确。当前账号名无公式前缀且无负差样本，尚未对表格软件公式保护完成实测。,Codex,2026-10-07T15:24:37+08:00,LOCAL_DEV / LOCAL,0.13.0,2.22.0,,,,.runtime/creator-acceptance/20261007/metrics-csv-facts.json,,,部分覆盖，不以普通CSV下载代替公式安全验证。
DAT-009,19 发布历史和数据看板,查询竞态和错误提示,P1,E1，R1，网络延迟,1 快速切不同范围或工作区；2 模拟旧请求延迟及错误,旧响应不覆盖新查询；错误明确，不用上一次结果伪装本次成功,通过,真实UI快速切换7/90天与错误日期已验证；补充当前组件离线浏览器注入响应乱序：30天旧成功晚于7天新成功不覆盖；30天旧失败晚于90天新成功不覆盖；最新请求失败清除旧统计并显示明确错误。网络全部拦截，无业务数据写入。,Codex,2026-10-07T21:38:30+08:00,LOCAL_DEV / LOCAL,0.13.0,2.22.0,,,,console-race-isolation-retest.log,,,7项真实组件回归通过；响应延迟注入使用隔离浏览器和假后端，不冒充真实服务故障。
BAK-001,20 备份恢复和稳定性,导出完整创作备份,P0,E1，项目含素材、模板、收藏和作品,1 导出项目备份；2 检查清单；3 在另一空测试浏览器恢复,文件完整，单项目加本机模板收藏可恢复；不含平台登录会话和管理员凭据,通过,"实际34,569,025字节ZIP含25个媒体文件，CRC/SHA256校验完整且无密码/Token/Cookie/会话字段；在独立8177端口的空缓存创作台（初始素材0、无项目）正常登录后恢复为新副本，9个素材、2个两页图片作品可预览，文字收藏可读取，视频工程可持续播放。原项目保留。",Codex,2026-10-07T22:35:09+08:00,LOCAL_DEV / LOCAL,0.13.0,2.22.0,,,,.runtime/creator-acceptance/20261007/backup-empty-origin-works.png；backup-empty-origin-facts.json；backup-manifest.json,,,同一Chrome的独立Origin隔离IndexedDB和本地编辑缓存；没有清空用户现有浏览器数据。
BAK-002,20 备份恢复和稳定性,恢复为独立副本,P0,E1，已有相同原项目,1 导入备份；2 查看项目列表；3 编辑恢复副本,原项目保留，恢复项目和素材身份重新建立，名称可区分,通过,浏览器从项目备份导入25MB合法包，生成独立项目e0f3ead4“D · 恢复”，原D同时保留。9素材身份全部重建、不与原素材ID交叉；恢复项目M04不透明度改25%，原D仍100%；模板与收藏按新身份恢复且可编辑。,Codex,2026-10-07T12:29:54+08:00,LOCAL_DEV / LOCAL,0.13.0,2.22.0,,,,.runtime/creator-acceptance/20261007/backup-restored-project-list.png；backup-restored-facts.json,,,
BAK-003,20 备份恢复和稳定性,不恢复原发布请求,P0,E1，备份时有待确认批次或壁纸关联,1 恢复；2 查看当前与历史还原状态；3 进入发布和创建壁纸,清除原 pending 提交和商品关联，不重发原批次、不更新原商品；编辑内容和成品仍可用,通过,验收备份在当前快照与每条历史中携带合成的壁纸1关联和待提交批次qa-backup-pending；浏览器恢复后，当前productRecord/submissionPending均null、全部历史关联均清除。既有作品和媒体保留，新素材身份独立；壁纸上架任务总数仍7，没有重发或更新原商品。,Codex,2026-10-07T12:29:54+08:00,LOCAL_DEV / LOCAL,0.13.0,2.22.0,,,,.runtime/creator-acceptance/20261007/backup-restored-facts.json,,,原QA项目没有被注入请求，关联只加在验收备份中，导入已清理。
BAK-004,20 备份恢复和稳定性,坏包和大包恢复,P0,E1，R1,1 测缺清单、版本错误、字节哈希错误、缺素材及超限备份,明确拒绝，不导入可用假项目；正常包仍可恢复,通过,"调用当前实际备份/恢复实现，对D验收项目、3模板10收藏、9文件生成25,213,400字节合法包并成功解析；缺清单、版本999、缺素材、缺文件引用、哈希错误、声明大小错误均明确拒绝；523MB输入在解析前拒绝、513MB展开条目在解压前拒绝。未导入半成品项目。",Codex,2026-10-07T12:23:39+08:00,LOCAL_DEV / LOCAL,0.13.0,2.22.0,,,,.runtime/creator-acceptance/20261007/backup-probes.json,,,工程客户端执行实际JSZip及当前备份恢复代码；后续继续浏览器导入验收。
BAK-005,20 备份恢复和稳定性,导出同名资源,P1,E1，M08,1 导出项目资源；2 解压核对大小写同名和中文文件,无覆盖或越界路径，素材原名尽量保留，源文件与成品区分,通过,实际Chrome选择5个资源导出863883字节ZIP，解压CRC全部有效；两份同名中文静态资源和两份同名发布图片分别保留原名与(2)后缀，无覆盖；原始/壁纸/发布素材分目录，5个文件大小和SHA256与原文件一致。大小写同名和路径穿越另有3项算法回归通过。,Codex,2026-10-07T15:19:19+08:00,LOCAL_DEV / LOCAL,0.13.0,2.22.0,,,,.runtime/creator-acceptance/20261007/resource-zip-facts.json; export-editing-unit-retest.log,,,
STB-001,20 备份恢复和稳定性,长时间播放与编辑,P1,E1，M03、M05，多层视频,1 连续播放编辑约 20 分钟；2 切工作区和素材库；3 再生成,无持续叠音、无法选中或常驻空白；内存异常增长记录为缺陷，不以页面可打开代替通过,通过,连续循环20分钟后画面保持可见，无重复音频实例或媒体解码错误；暂停后文字可选中并修改字号/色值/时长，素材库及发布/创作工作区可切换。随后原项目生成7秒1080×1920、60fps视频成功并保存至发布内容。采集41次Chrome渲染进程RSS；稳定进程峰值回落，未发现持续单调增长，多个平台页面同时打开使总RSS不适合单页归因。,Codex,2026-10-07T23:08:46+08:00,LOCAL_DEV / LOCAL,0.13.0,2.22.0,,,,renderer-memory.jsonl; restored-project-loop-running.png; longrun-output-settings.png; longrun-1080p60-facts.json,,,完成播放后编辑与生成；内存是浏览器进程级观测，非单页隔离性能剖析。
STB-002,20 备份恢复和稳定性,预览优化不降低导出,P0,E1，高分辨率视频和细节素材,1 观察预览；2 按原输出设置导出；3 检查像素、帧率、文字和声音,预览缩小或降刷新不改变正式输出尺寸、帧率和外观；输出按指定设置完成,通过,预览实际画布320×568、CSS显示160×284，正式成品仍为1080×1920、60fps、420帧、7秒H264。中文/英文/数字及96px白色文字换行位置与缩小预览一致；AAC48kHz单声道有信号（峰值-30.07dB），2秒音乐按既定轨道时长，其后静音，不因预览降低输出规格。,Codex,2026-10-07T23:08:46+08:00,LOCAL_DEV / LOCAL,0.13.0,2.22.0,,,,longrun-preview-canvas.png; longrun-1080p60-frame.png; longrun-1080p60-facts.json; longrun-1080p60-audio.log,,,本例验证当前输出与外观，非逐帧无损比较；有损H264压缩按高画质设置。
STB-003,20 备份恢复和稳定性,本地生成性能记录,P2,E1，固定机器与输入,1 相同 10 秒工程首次生成三次；2 记录准备与编码时间；3 再测结果复用,记录硬件、尺寸、fps、码率、图层数和耗时；复用不重编码。不承诺未测量的固定秒数,通过,实测 i7-9750H、16GiB、12逻辑核；同一10秒工程（5片段/3画面轨道）、1080×1920画布输出360×640/30fps/标准/VBR目标2Mbps，三次仅改变文件名以强制首次生成。任务准备+上传7.386/7.842/7.725秒；排队+合成2.444/2.083/2.585秒；总9.830/9.925/10.310秒。输入包均是WebCodecs直编video.h264，输出300帧；同输入复用UI实测353ms且任务数仍3。,Codex,2026-10-07T16:05:52+08:00,LOCAL_DEV / LOCAL,0.13.0,2.22.0,,,,.runtime/creator-acceptance/20261007/performance-facts.json；performance-events.json；performance-reuse.png,,,耗时取数据库同一时钟；含上传、排队和保存。低分辨率示例工程结果，不代表大尺寸、多实拍解码或所有电脑。
STB-004,20 备份恢复和稳定性,多标签并行编辑,P0,E1，两标签打开同项目,1 A 保存修改；2 B 用旧版本修改；3 核对提示及后台,旧版本不静默覆盖较新数据，有冲突或恢复副本处理；项目和任务引用一致,通过,两个Chrome标签编辑恢复副本：旧版本返回412 VERSION_CONFLICT，显示未保存·重试并阻止项目切换，没有静默覆盖；重新连接产生独立恢复副本。核对MySQL事实，所有生成任务与发布任务来源均能关联有效项目，悬空引用均0，原项目和恢复副本ID独立。,Codex,2026-10-07T22:44:44+08:00,LOCAL_DEV / LOCAL,0.13.0,2.22.0,,,,.runtime/creator-acceptance/20261007/multitab-version-conflict.png；conflict-recovery-facts.json；multitab-task-reference-facts.json,,,
STB-005,20 备份恢复和稳定性,页面缩放和键盘操作,P2,E1,1 使用 100 和 125 百分比缩放；2 操作弹窗、时间轴、字体选择和快捷键,主要操作可访问，弹窗可关闭；输入文字时不误触删除图层或全局快捷键,未执行,100%浏览器尺寸下弹窗、时间轴、图片工具、参数和快捷键可操作；真实输入M06-frontX后Backspace删除末字，保存为M06-front且两图层均保留、成功生成。125%浏览器缩放组合键未使实际devicePixelRatio改变，未将截图文件名当作缩放证据。,Codex,2026-10-07T16:45:00+08:00,LOCAL_DEV / LOCAL,0.13.0,2.22.0,,,,4d-promotion-facts.json; 4d-promotion-preview.png,,,100%与输入防误删部分覆盖；125%和字体选择全流程待人工或支持浏览器工具补测。
STB-006,20 备份恢复和稳定性,成功错误提示一致,P1,E1，分别模拟正常和异常路径,1 查看使用说明、保存提示、上传和发布状态；2 对照真实后台,不显示已接入功能仍“等待接口”的旧说明；失败不弹成功；任务状态和按钮一致,通过,实际查看使用说明，已说明本地保存、生成任务、壁纸上传/上架和作品保存，无等待接口旧文案；结合无封面阻止提交、API 停止时未保存提示与恢复重试、真实上架成功和取消生成终态，成功/错误提示与后台一致。,Codex,2026-10-07T15:43:43+08:00,LOCAL_DEV / LOCAL,0.13.0,2.22.0,,,,.runtime/creator-acceptance/20261007/missing-cover-blocked.png；android-only-published.png；generation-cancelled.png；offline-save-restored.png,,,
E2E-001,21 完整流程验收,静态壁纸到图文发布,P0,E2，A1，M01 和 M10,1 新建项目并裁剪；2 选封面保存原图；3 创建并上架；4 后台核对；5 图片模板生成作品；6 保存至发布内容；7 从作品库下一步；8 各平台图文发布核对,壁纸正式原图正确，成品与推广素材衔接完整，两平台账号和图文正确，项目记录可追溯,阻塞,本机暂无完成扫码、身份完整且可用于验收的抖音/小红书测试账号。按用户离开时指示跳过登录依赖场景，未真实发布；已有服务层/离线回归不替代平台实际选项和最终发布结果。,Codex,2026-10-07T15:13:05+08:00,LOCAL_DEV / LOCAL,0.13.0,2.22.0,,,,,,,需要用户回来后完成测试账号扫码；此次不继续打开扫码窗口或处理验证码。
E2E-002,21 完整流程验收,动态壁纸到视频发布,P0,E2，A1，M03 和 M05,1 三平台分别剪辑；2 上架并查正式资源；3 套视频模板加文字音频；4 本地导出；5 生成保存作品；6 显式下一步；7 两平台视频核对,三平台正式源独立正确；视频成品画面声音与参数一致；本地下载和保存作品语义正确,阻塞,本机暂无完成扫码、身份完整且可用于验收的抖音/小红书测试账号。按用户离开时指示跳过登录依赖场景，未真实发布；已有服务层/离线回归不替代平台实际选项和最终发布结果。,Codex,2026-10-07T15:13:05+08:00,LOCAL_DEV / LOCAL,0.13.0,2.22.0,,,,,,,需要用户回来后完成测试账号扫码；此次不继续打开扫码窗口或处理验证码。
E2E-003,21 完整流程验收,4D 壁纸及推广作品,P0,E2，M06，M01,1 导入 4D；2 准备独立封面；3 上架；4 核对源包和预览；5 用对应静态画面制作推广成品,4D 正式包与封面分开，不把视差预览当源包；推广作品可独立保存,通过,主流程A已导入M06原始ZIP并完成2层/视差预览、独立商品封面、4D正式资源上架。实际用同包背景+前景原图制作1080×1440独立推广图片，成功保存至发布内容generated-cc1dd25c；原商品1仍PUBLISHED/v25、封面58独立，正式背景/前景/配置及其他全部7项源SHA未变。,Codex,2026-10-07T16:45:00+08:00,LOCAL_DEV / LOCAL,0.13.0,2.22.0,,,,4d-promotion-facts.json; 4d-promotion-preview.png; watermark-retry-facts.json,,,4D包导出及视差展示已在W4D-001~004实测；推广图片未替代任何正式源或商品封面。
E2E-004,21 完整流程验收,上架后编辑和断网恢复,P0,E2，R1，已上架商品,1 更新一个平台资源；2 中断响应；3 刷新恢复原任务；4 后台核对所有资源,原商品 ID 保持，已完成步骤不重复，未替换版本保留，更新结果可核对,通过,既有商品1仅Android时间轴由4秒更新至5秒；任务16处理中断本地API连接后重启自动恢复原任务。最终Android新资源23，其他4D6/iOS8/鸿蒙9/静态10保持不变，未新建商品或重复版本。另一次202回包丢失通过REC-003刷新恢复原任务14。,Codex,2026-10-07T23:35:48+08:00,LOCAL_DEV / LOCAL,0.13.0,2.22.0,,,,response-loss-recovered.png; response-loss-recovered-facts.json; restart-checkpoint-after.json; publication-restart-recovered.png,,,响应丢失及处理进程中断分两次实际执行，均恢复原商品和原任务。
E2E-005,21 完整流程验收,内容复用和批量定时,P0,A2，有模板、文字音频收藏和两个作品,1 新项目套模板；2 复用收藏；3 生成两作品；4 分配账号逐条编辑；5 创建定时任务；6 关闭网页；7 重开核对结果及看板,复用后可编辑；清单正确冻结，服务在线时可执行；历史和统计一致，无重复批次,阻塞,本机暂无完成扫码、身份完整且可用于验收的抖音/小红书测试账号。按用户离开时指示跳过登录依赖场景，未真实发布；已有服务层/离线回归不替代平台实际选项和最终发布结果。,Codex,2026-10-07T15:13:05+08:00,LOCAL_DEV / LOCAL,0.13.0,2.22.0,,,,,,,需要用户回来后完成测试账号扫码；此次不继续打开扫码窗口或处理验证码。
E2E-006,21 完整流程验收,备份恢复后的重新使用,P0,E2，A1，有已上架和已分发原项目,1 备份；2 恢复副本；3 核对编辑及作品；4 明确作为新项目提交或分发,恢复文件可用；新操作不会自动重发原批次或覆盖原壁纸，来源身份可区分,阻塞,本机暂无完成扫码、身份完整且可用于验收的抖音/小红书测试账号。按用户离开时指示跳过登录依赖场景，未真实发布；已有服务层/离线回归不替代平台实际选项和最终发布结果。,Codex,2026-10-07T15:13:05+08:00,LOCAL_DEV / LOCAL,0.13.0,2.22.0,,,,,,,需要用户回来后完成测试账号扫码；此次不继续打开扫码窗口或处理验证码。
